id_imagem,arquivo_imagem,id_celula,classe_bethesda,rotulo_binario,alvo,nucleo_x,nucleo_y,caminho_imagem,caminho_recorte,particao,fold,prob_anormal,alvo_predito,predicao,acerto
215,3b73689cbb3b2a04a1a713230459f7e5.png,4856,Negative for intraepithelial lesion,normal,0,137,381,C:\Users\jeanc\OneDrive\Área de Trabalho\Pesquisa\Pesquisa - Karielly\cric_cervix\images\cric_image_215_3b73689cbb3b2a04a1a713230459f7e5.png,C:\Users\jeanc\OneDrive\Área de Trabalho\Pesquisa\Pesquisa - Karielly\outputs_binary\crops\normal\img215_cell4856_normal.png,treino,1,0.011136501,0,normal,1
26,584d79af21c45131e9af9d54d2c2b8e4.png,10675,Negative for intraepithelial lesion,normal,0,648,138,C:\Users\jeanc\OneDrive\Área de Trabalho\Pesquisa\Pesquisa - Karielly\cric_cervix\images\cric_image_026_584d79af21c45131e9af9d54d2c2b8e4.png,C:\Users\jeanc\OneDrive\Área de Trabalho\Pesquisa\Pesquisa - Karielly\outputs_binary\crops\normal\img026_cell10675_normal.png,teste,1,0.011508149,0,normal,1
48,c7c3f56a4d110b49099830b0f65251a3.png,9974,Negative for intraepithelial lesion,normal,0,997,854,C:\Users\jeanc\OneDrive\Área de Trabalho\Pesquisa\Pesquisa - Karielly\cric_cervix\images\cric_image_048_c7c3f56a4d110b49099830b0f65251a3.png,C:\Users\jeanc\OneDrive\Área de Trabalho\Pesquisa\Pesquisa - Karielly\outputs_binary\crops\normal\img048_cell9974_normal.png,treino,1,0.21543325,0,normal,1
130,a42845987c650d7243ad0c08e97debf5.png,6801,Negative for intraepithelial lesion,normal,0,1078,914,C:\Users\jeanc\OneDrive\Área de Trabalho\Pesquisa\Pesquisa - Karielly\cric_cervix\images\cric_image_130_a42845987c650d7243ad0c08e97debf5.png,C:\Users\jeanc\OneDrive\Área de Trabalho\Pesquisa\Pesquisa - Karielly\outputs_binary\crops\normal\img130_cell6801_normal.png,treino,1,0.88803256,1,anormal,0
320,5921d98f5baacc86b3a1445540c858ee.png,2482,Negative for intraepithelial lesion,normal,0,784,110,C:\Users\jeanc\OneDrive\Área de Trabalho\Pesquisa\Pesquisa - Karielly\cric_cervix\images\cric_image_320_5921d98f5baacc86b3a1445540c858ee.png,C:\Users\jeanc\OneDrive\Área de Trabalho\Pesquisa\Pesquisa - Karielly\outputs_binary\crops\normal\img320_cell2482_normal.png,treino,1,0.012182376,0,normal,1
8,1f8274db391ed2747c0c3a8560bf6d3a.png,11349,Negative for intraepithelial lesion,normal,0,1174,4,C:\Users\jeanc\OneDrive\Área de Trabalho\Pesquisa\Pesquisa - Karielly\cric_cervix\images\cric_image_008_1f8274db391ed2747c0c3a8560bf6d3a.png,C:\Users\jeanc\OneDrive\Área de Trabalho\Pesquisa\Pesquisa - Karielly\outputs_binary\crops\normal\img008_cell11349_normal.png,validacao,1,0.0842664,0,normal,1
144,b8491225e9d46d5f48c33c310b7d2755.png,6191,Negative for intraepithelial lesion,normal,0,668,702,C:\Users\jeanc\OneDrive\Área de Trabalho\Pesquisa\Pesquisa - Karielly\cric_cervix\images\cric_image_144_b8491225e9d46d5f48c33c310b7d2755.png,C:\Users\jeanc\OneDrive\Área de Trabalho\Pesquisa\Pesquisa - Karielly\outputs_binary\crops\normal\img144_cell6191_normal.png,treino,1,0.012182376,0,normal,1
249,bd7e1530680d11547db567150fa7c403.png,3995,Negative for intraepithelial lesion,normal,0,703,567,C:\Users\jeanc\OneDrive\Área de Trabalho\Pesquisa\Pesquisa - Karielly\cric_cervix\images\cric_image_249_bd7e1530680d11547db567150fa7c403.png,C:\Users\jeanc\OneDrive\Área de Trabalho\Pesquisa\Pesquisa - Karielly\outputs_binary\crops\normal\img249_cell3995_normal.png,validacao,1,0.015769396,0,normal,1
276,5d8297d46d5babc9aaba0652a2a5051f.png,3353,Negative for intraepithelial lesion,normal,0,170,972,C:\Users\jeanc\OneDrive\Área de Trabalho\Pesquisa\Pesquisa - Karielly\cric_cervix\images\cric_image_276_5d8297d46d5babc9aaba0652a2a5051f.png,C:\Users\jeanc\OneDrive\Área de Trabalho\Pesquisa\Pesquisa - Karielly\outputs_binary\crops\normal\img276_cell3353_normal.png,treino,1,0.011309892,0,normal,1
124,d87688d665139adb1d9dec9f902fa4a9.png,6987,Negative for intraepithelial lesion,normal,0,509,184,C:\Users\jeanc\OneDrive\Área de Trabalho\Pesquisa\Pesquisa - Karielly\cric_cervix\images\cric_image_124_d87688d665139adb1d9dec9f902fa4a9.png,C:\Users\jeanc\OneDrive\Área de Trabalho\Pesquisa\Pesquisa - Karielly\outputs_binary\crops\normal\img124_cell6987_normal.png,treino,1,0.012576347,0,normal,1
364,92eb1f2563016d967eb885ee1a5fd2dd.png,1326,Negative for intraepithelial lesion,normal,0,514,124,C:\Users\jeanc\OneDrive\Área de Trabalho\Pesquisa\Pesquisa - Karielly\cric_cervix\images\cric_image_364_92eb1f2563016d967eb885ee1a5fd2dd.png,C:\Users\jeanc\OneDrive\Área de Trabalho\Pesquisa\Pesquisa - Karielly\outputs_binary\crops\normal\img364_cell1326_normal.png,treino,1,0.012383786,0,normal,1
212,6e20d6ec569513933f5768d5424b7e86.png,4890,Negative for intraepithelial lesion,normal,0,74,74,C:\Users\jeanc\OneDrive\Área de Trabalho\Pesquisa\Pesquisa - Karielly\cric_cervix\images\cric_image_212_6e20d6ec569513933f5768d5424b7e86.png,C:\Users\jeanc\OneDrive\Área de Trabalho\Pesquisa\Pesquisa - Karielly\outputs_binary\crops\normal\img212_cell4890_normal.png,treino,1,0.016898682,0,normal,1
337,16032768fe56bbb933730762d726d263.png,2175,Negative for intraepithelial lesion,normal,0,1184,560,C:\Users\jeanc\OneDrive\Área de Trabalho\Pesquisa\Pesquisa - Karielly\cric_cervix\images\cric_image_337_16032768fe56bbb933730762d726d263.png,C:\Users\jeanc\OneDrive\Área de Trabalho\Pesquisa\Pesquisa - Karielly\outputs_binary\crops\normal\img337_cell2175_normal.png,treino,1,0.011642225,0,normal,1
130,a42845987c650d7243ad0c08e97debf5.png,6800,Negative for intraepithelial lesion,normal,0,846,763,C:\Users\jeanc\OneDrive\Área de Trabalho\Pesquisa\Pesquisa - Karielly\cric_cervix\images\cric_image_130_a42845987c650d7243ad0c08e97debf5.png,C:\Users\jeanc\OneDrive\Área de Trabalho\Pesquisa\Pesquisa - Karielly\outputs_binary\crops\normal\img130_cell6800_normal.png,treino,1,0.012833582,0,normal,1
151,8042f9c026bca2cf1761489102ea284f.png,5905,Negative for intraepithelial lesion,normal,0,1260,277,C:\Users\jeanc\OneDrive\Área de Trabalho\Pesquisa\Pesquisa - Karielly\cric_cervix\images\cric_image_151_8042f9c026bca2cf1761489102ea284f.png,C:\Users\jeanc\OneDrive\Área de Trabalho\Pesquisa\Pesquisa - Karielly\outputs_binary\crops\normal\img151_cell5905_normal.png,treino,1,0.012053779,0,normal,1
52,ed6b37f3f850247337f16501fe5fa7fd.png,9802,Negative for intraepithelial lesion,normal,0,673,330,C:\Users\jeanc\OneDrive\Área de Trabalho\Pesquisa\Pesquisa - Karielly\cric_cervix\images\cric_image_052_ed6b37f3f850247337f16501fe5fa7fd.png,C:\Users\jeanc\OneDrive\Área de Trabalho\Pesquisa\Pesquisa - Karielly\outputs_binary\crops\normal\img052_cell9802_normal.png,treino,1,0.98507166,1,anormal,0
2,9d0f43b29d78f673e9caf77928b4af3c.png,11477,Negative for intraepithelial lesion,normal,0,1219,902,C:\Users\jeanc\OneDrive\Área de Trabalho\Pesquisa\Pesquisa - Karielly\cric_cervix\images\cric_image_002_9d0f43b29d78f673e9caf77928b4af3c.png,C:\Users\jeanc\OneDrive\Área de Trabalho\Pesquisa\Pesquisa - Karielly\outputs_binary\crops\normal\img002_cell11477_normal.png,treino,1,0.012053779,0,normal,1
154,49c8feec9afcd85f1f9b16908c34bdca.png,5833,Negative for intraepithelial lesion,normal,0,133,559,C:\Users\jeanc\OneDrive\Área de Trabalho\Pesquisa\Pesquisa - Karielly\cric_cervix\images\cric_image_154_49c8feec9afcd85f1f9b16908c34bdca.png,C:\Users\jeanc\OneDrive\Área de Trabalho\Pesquisa\Pesquisa - Karielly\outputs_binary\crops\normal\img154_cell5833_normal.png,validacao,1,0.011463797,0,normal,1
39,dd569f426f91cc5d6a20804c800d6eb3.png,10217,Negative for intraepithelial lesion,normal,0,706,27,C:\Users\jeanc\OneDrive\Área de Trabalho\Pesquisa\Pesquisa - Karielly\cric_cervix\images\cric_image_039_dd569f426f91cc5d6a20804c800d6eb3.png,C:\Users\jeanc\OneDrive\Área de Trabalho\Pesquisa\Pesquisa - Karielly\outputs_binary\crops\normal\img039_cell10217_normal.png,treino,1,0.013159262,0,normal,1
8,1f8274db391ed2747c0c3a8560bf6d3a.png,11335,Negative for intraepithelial lesion,normal,0,626,693,C:\Users\jeanc\OneDrive\Área de Trabalho\Pesquisa\Pesquisa - Karielly\cric_cervix\images\cric_image_008_1f8274db391ed2747c0c3a8560bf6d3a.png,C:\Users\jeanc\OneDrive\Área de Trabalho\Pesquisa\Pesquisa - Karielly\outputs_binary\crops\normal\img008_cell11335_normal.png,validacao,1,0.012970385,0,normal,1
22,d67cd01defdc182ca48cee14e776f22c.png,10847,Negative for intraepithelial lesion,normal,0,186,525,C:\Users\jeanc\OneDrive\Área de Trabalho\Pesquisa\Pesquisa - Karielly\cric_cervix\images\cric_image_022_d67cd01defdc182ca48cee14e776f22c.png,C:\Users\jeanc\OneDrive\Área de Trabalho\Pesquisa\Pesquisa - Karielly\outputs_binary\crops\normal\img022_cell10847_normal.png,treino,1,0.013096004,0,normal,1
154,49c8feec9afcd85f1f9b16908c34bdca.png,5836,Negative for intraepithelial lesion,normal,0,510,496,C:\Users\jeanc\OneDrive\Área de Trabalho\Pesquisa\Pesquisa - Karielly\cric_cervix\images\cric_image_154_49c8feec9afcd85f1f9b16908c34bdca.png,C:\Users\jeanc\OneDrive\Área de Trabalho\Pesquisa\Pesquisa - Karielly\outputs_binary\crops\normal\img154_cell5836_normal.png,validacao,1,0.01124456,0,normal,1
26,584d79af21c45131e9af9d54d2c2b8e4.png,10714,Negative for intraepithelial lesion,normal,0,676,396,C:\Users\jeanc\OneDrive\Área de Trabalho\Pesquisa\Pesquisa - Karielly\cric_cervix\images\cric_image_026_584d79af21c45131e9af9d54d2c2b8e4.png,C:\Users\jeanc\OneDrive\Área de Trabalho\Pesquisa\Pesquisa - Karielly\outputs_binary\crops\normal\img026_cell10714_normal.png,teste,1,0.080574244,0,normal,1
22,d67cd01defdc182ca48cee14e776f22c.png,10852,Negative for intraepithelial lesion,normal,0,126,717,C:\Users\jeanc\OneDrive\Área de Trabalho\Pesquisa\Pesquisa - Karielly\cric_cervix\images\cric_image_022_d67cd01defdc182ca48cee14e776f22c.png,C:\Users\jeanc\OneDrive\Área de Trabalho\Pesquisa\Pesquisa - Karielly\outputs_binary\crops\normal\img022_cell10852_normal.png,treino,1,0.019813737,0,normal,1
110,05332b67f94b5d1adbd8177bd8e1ff0b.png,7457,Negative for intraepithelial lesion,normal,0,1220,827,C:\Users\jeanc\OneDrive\Área de Trabalho\Pesquisa\Pesquisa - Karielly\cric_cervix\images\cric_image_110_05332b67f94b5d1adbd8177bd8e1ff0b.png,C:\Users\jeanc\OneDrive\Área de Trabalho\Pesquisa\Pesquisa - Karielly\outputs_binary\crops\normal\img110_cell7457_normal.png,treino,1,0.01170984,0,normal,1
11,90d08f57cdeb58238879b4af949d4f50.png,11263,Negative for intraepithelial lesion,normal,0,348,25,C:\Users\jeanc\OneDrive\Área de Trabalho\Pesquisa\Pesquisa - Karielly\cric_cervix\images\cric_image_011_90d08f57cdeb58238879b4af949d4f50.png,C:\Users\jeanc\OneDrive\Área de Trabalho\Pesquisa\Pesquisa - Karielly\outputs_binary\crops\normal\img011_cell11263_normal.png,treino,1,0.22832853,0,normal,1
8,1f8274db391ed2747c0c3a8560bf6d3a.png,11312,Negative for intraepithelial lesion,normal,0,111,519,C:\Users\jeanc\OneDrive\Área de Trabalho\Pesquisa\Pesquisa - Karielly\cric_cervix\images\cric_image_008_1f8274db391ed2747c0c3a8560bf6d3a.png,C:\Users\jeanc\OneDrive\Área de Trabalho\Pesquisa\Pesquisa - Karielly\outputs_binary\crops\normal\img008_cell11312_normal.png,validacao,1,0.013584393,0,normal,1
206,a9a16f442db25098459cc72d4e816c2d.png,4994,Negative for intraepithelial lesion,normal,0,498,670,C:\Users\jeanc\OneDrive\Área de Trabalho\Pesquisa\Pesquisa - Karielly\cric_cervix\images\cric_image_206_a9a16f442db25098459cc72d4e816c2d.png,C:\Users\jeanc\OneDrive\Área de Trabalho\Pesquisa\Pesquisa - Karielly\outputs_binary\crops\normal\img206_cell4994_normal.png,treino,1,0.6808256,1,anormal,0
320,5921d98f5baacc86b3a1445540c858ee.png,2481,Negative for intraepithelial lesion,normal,0,182,194,C:\Users\jeanc\OneDrive\Área de Trabalho\Pesquisa\Pesquisa - Karielly\cric_cervix\images\cric_image_320_5921d98f5baacc86b3a1445540c858ee.png,C:\Users\jeanc\OneDrive\Área de Trabalho\Pesquisa\Pesquisa - Karielly\outputs_binary\crops\normal\img320_cell2481_normal.png,treino,1,0.016324438,0,normal,1
337,16032768fe56bbb933730762d726d263.png,2182,Negative for intraepithelial lesion,normal,0,259,397,C:\Users\jeanc\OneDrive\Área de Trabalho\Pesquisa\Pesquisa - Karielly\cric_cervix\images\cric_image_337_16032768fe56bbb933730762d726d263.png,C:\Users\jeanc\OneDrive\Área de Trabalho\Pesquisa\Pesquisa - Karielly\outputs_binary\crops\normal\img337_cell2182_normal.png,treino,1,0.011984204,0,normal,1
102,023fcddb41b212f8ac3edde190d4ae5c.png,7589,Negative for intraepithelial lesion,normal,0,830,380,C:\Users\jeanc\OneDrive\Área de Trabalho\Pesquisa\Pesquisa - Karielly\cric_cervix\images\cric_image_102_023fcddb41b212f8ac3edde190d4ae5c.png,C:\Users\jeanc\OneDrive\Área de Trabalho\Pesquisa\Pesquisa - Karielly\outputs_binary\crops\normal\img102_cell7589_normal.png,validacao,1,0.0127472645,0,normal,1
248,a5ce47f6a10f543bf7fdac28b709d30d.png,4022,Negative for intraepithelial lesion,normal,0,421,940,C:\Users\jeanc\OneDrive\Área de Trabalho\Pesquisa\Pesquisa - Karielly\cric_cervix\images\cric_image_248_a5ce47f6a10f543bf7fdac28b709d30d.png,C:\Users\jeanc\OneDrive\Área de Trabalho\Pesquisa\Pesquisa - Karielly\outputs_binary\crops\normal\img248_cell4022_normal.png,validacao,1,0.011961098,0,normal,1
108,5f5ca39f3cb7338eeaec5f00faa11447.png,7527,Negative for intraepithelial lesion,normal,0,782,484,C:\Users\jeanc\OneDrive\Área de Trabalho\Pesquisa\Pesquisa - Karielly\cric_cervix\images\cric_image_108_5f5ca39f3cb7338eeaec5f00faa11447.png,C:\Users\jeanc\OneDrive\Área de Trabalho\Pesquisa\Pesquisa - Karielly\outputs_binary\crops\normal\img108_cell7527_normal.png,treino,1,0.020081012,0,normal,1
160,fbb86fcc0948f02be36a1348d1046688.png,5702,Negative for intraepithelial lesion,normal,0,813,297,C:\Users\jeanc\OneDrive\Área de Trabalho\Pesquisa\Pesquisa - Karielly\cric_cervix\images\cric_image_160_fbb86fcc0948f02be36a1348d1046688.png,C:\Users\jeanc\OneDrive\Área de Trabalho\Pesquisa\Pesquisa - Karielly\outputs_binary\crops\normal\img160_cell5702_normal.png,treino,1,0.014700298,0,normal,1
22,d67cd01defdc182ca48cee14e776f22c.png,10870,Negative for intraepithelial lesion,normal,0,747,1002,C:\Users\jeanc\OneDrive\Área de Trabalho\Pesquisa\Pesquisa - Karielly\cric_cervix\images\cric_image_022_d67cd01defdc182ca48cee14e776f22c.png,C:\Users\jeanc\OneDrive\Área de Trabalho\Pesquisa\Pesquisa - Karielly\outputs_binary\crops\normal\img022_cell10870_normal.png,treino,1,0.015087132,0,normal,1
130,a42845987c650d7243ad0c08e97debf5.png,6822,Negative for intraepithelial lesion,normal,0,409,417,C:\Users\jeanc\OneDrive\Área de Trabalho\Pesquisa\Pesquisa - Karielly\cric_cervix\images\cric_image_130_a42845987c650d7243ad0c08e97debf5.png,C:\Users\jeanc\OneDrive\Área de Trabalho\Pesquisa\Pesquisa - Karielly\outputs_binary\crops\normal\img130_cell6822_normal.png,treino,1,0.012100385,0,normal,1
22,d67cd01defdc182ca48cee14e776f22c.png,10874,Negative for intraepithelial lesion,normal,0,485,604,C:\Users\jeanc\OneDrive\Área de Trabalho\Pesquisa\Pesquisa - Karielly\cric_cervix\images\cric_image_022_d67cd01defdc182ca48cee14e776f22c.png,C:\Users\jeanc\OneDrive\Área de Trabalho\Pesquisa\Pesquisa - Karielly\outputs_binary\crops\normal\img022_cell10874_normal.png,treino,1,0.013558245,0,normal,1
8,1f8274db391ed2747c0c3a8560bf6d3a.png,11314,Negative for intraepithelial lesion,normal,0,52,603,C:\Users\jeanc\OneDrive\Área de Trabalho\Pesquisa\Pesquisa - Karielly\cric_cervix\images\cric_image_008_1f8274db391ed2747c0c3a8560bf6d3a.png,C:\Users\jeanc\OneDrive\Área de Trabalho\Pesquisa\Pesquisa - Karielly\outputs_binary\crops\normal\img008_cell11314_normal.png,validacao,1,0.0135061005,0,normal,1
124,d87688d665139adb1d9dec9f902fa4a9.png,7013,Negative for intraepithelial lesion,normal,0,262,906,C:\Users\jeanc\OneDrive\Área de Trabalho\Pesquisa\Pesquisa - Karielly\cric_cervix\images\cric_image_124_d87688d665139adb1d9dec9f902fa4a9.png,C:\Users\jeanc\OneDrive\Área de Trabalho\Pesquisa\Pesquisa - Karielly\outputs_binary\crops\normal\img124_cell7013_normal.png,treino,1,0.012685961,0,normal,1
271,0d2057f820c3b157fd030fe3308f60dc.png,3493,Negative for intraepithelial lesion,normal,0,277,53,C:\Users\jeanc\OneDrive\Área de Trabalho\Pesquisa\Pesquisa - Karielly\cric_cervix\images\cric_image_271_0d2057f820c3b157fd030fe3308f60dc.png,C:\Users\jeanc\OneDrive\Área de Trabalho\Pesquisa\Pesquisa - Karielly\outputs_binary\crops\normal\img271_cell3493_normal.png,treino,1,0.01844021,0,normal,1
39,dd569f426f91cc5d6a20804c800d6eb3.png,10220,Negative for intraepithelial lesion,normal,0,823,137,C:\Users\jeanc\OneDrive\Área de Trabalho\Pesquisa\Pesquisa - Karielly\cric_cervix\images\cric_image_039_dd569f426f91cc5d6a20804c800d6eb3.png,C:\Users\jeanc\OneDrive\Área de Trabalho\Pesquisa\Pesquisa - Karielly\outputs_binary\crops\normal\img039_cell10220_normal.png,treino,1,0.0120770605,0,normal,1
151,8042f9c026bca2cf1761489102ea284f.png,5887,Negative for intraepithelial lesion,normal,0,65,671,C:\Users\jeanc\OneDrive\Área de Trabalho\Pesquisa\Pesquisa - Karielly\cric_cervix\images\cric_image_151_8042f9c026bca2cf1761489102ea284f.png,C:\Users\jeanc\OneDrive\Área de Trabalho\Pesquisa\Pesquisa - Karielly\outputs_binary\crops\normal\img151_cell5887_normal.png,treino,1,0.011732464,0,normal,1
52,ed6b37f3f850247337f16501fe5fa7fd.png,9794,Negative for intraepithelial lesion,normal,0,220,414,C:\Users\jeanc\OneDrive\Área de Trabalho\Pesquisa\Pesquisa - Karielly\cric_cervix\images\cric_image_052_ed6b37f3f850247337f16501fe5fa7fd.png,C:\Users\jeanc\OneDrive\Área de Trabalho\Pesquisa\Pesquisa - Karielly\outputs_binary\crops\normal\img052_cell9794_normal.png,treino,1,0.025371311,0,normal,1
266,29bb0d0010f481423a9d4293ad1e67b2.png,3598,Negative for intraepithelial lesion,normal,0,1148,619,C:\Users\jeanc\OneDrive\Área de Trabalho\Pesquisa\Pesquisa - Karielly\cric_cervix\images\cric_image_266_29bb0d0010f481423a9d4293ad1e67b2.png,C:\Users\jeanc\OneDrive\Área de Trabalho\Pesquisa\Pesquisa - Karielly\outputs_binary\crops\normal\img266_cell3598_normal.png,treino,1,0.01096574,0,normal,1
11,90d08f57cdeb58238879b4af949d4f50.png,11249,Negative for intraepithelial lesion,normal,0,804,735,C:\Users\jeanc\OneDrive\Área de Trabalho\Pesquisa\Pesquisa - Karielly\cric_cervix\images\cric_image_011_90d08f57cdeb58238879b4af949d4f50.png,C:\Users\jeanc\OneDrive\Área de Trabalho\Pesquisa\Pesquisa - Karielly\outputs_binary\crops\normal\img011_cell11249_normal.png,treino,1,0.012407696,0,normal,1
144,b8491225e9d46d5f48c33c310b7d2755.png,6187,Negative for intraepithelial lesion,normal,0,625,514,C:\Users\jeanc\OneDrive\Área de Trabalho\Pesquisa\Pesquisa - Karielly\cric_cervix\images\cric_image_144_b8491225e9d46d5f48c33c310b7d2755.png,C:\Users\jeanc\OneDrive\Área de Trabalho\Pesquisa\Pesquisa - Karielly\outputs_binary\crops\normal\img144_cell6187_normal.png,treino,1,0.015116181,0,normal,1
146,055cde67bf7565df83f914b053ab86eb.png,6153,Negative for intraepithelial lesion,normal,0,1112,751,C:\Users\jeanc\OneDrive\Área de Trabalho\Pesquisa\Pesquisa - Karielly\cric_cervix\images\cric_image_146_055cde67bf7565df83f914b053ab86eb.png,C:\Users\jeanc\OneDrive\Área de Trabalho\Pesquisa\Pesquisa - Karielly\outputs_binary\crops\normal\img146_cell6153_normal.png,treino,1,0.0118005965,0,normal,1
248,a5ce47f6a10f543bf7fdac28b709d30d.png,4017,Negative for intraepithelial lesion,normal,0,96,890,C:\Users\jeanc\OneDrive\Área de Trabalho\Pesquisa\Pesquisa - Karielly\cric_cervix\images\cric_image_248_a5ce47f6a10f543bf7fdac28b709d30d.png,C:\Users\jeanc\OneDrive\Área de Trabalho\Pesquisa\Pesquisa - Karielly\outputs_binary\crops\normal\img248_cell4017_normal.png,validacao,1,0.011961098,0,normal,1
269,651555a374eacf3de392c98dbd85d44d.png,3523,Negative for intraepithelial lesion,normal,0,622,520,C:\Users\jeanc\OneDrive\Área de Trabalho\Pesquisa\Pesquisa - Karielly\cric_cervix\images\cric_image_269_651555a374eacf3de392c98dbd85d44d.png,C:\Users\jeanc\OneDrive\Área de Trabalho\Pesquisa\Pesquisa - Karielly\outputs_binary\crops\normal\img269_cell3523_normal.png,validacao,1,0.023286304,0,normal,1
144,b8491225e9d46d5f48c33c310b7d2755.png,6200,Negative for intraepithelial lesion,normal,0,60,529,C:\Users\jeanc\OneDrive\Área de Trabalho\Pesquisa\Pesquisa - Karielly\cric_cervix\images\cric_image_144_b8491225e9d46d5f48c33c310b7d2755.png,C:\Users\jeanc\OneDrive\Área de Trabalho\Pesquisa\Pesquisa - Karielly\outputs_binary\crops\normal\img144_cell6200_normal.png,treino,1,0.014364656,0,normal,1
233,379c7ce231b0c43a3d9a964680573dce.png,4465,Negative for intraepithelial lesion,normal,0,552,769,C:\Users\jeanc\OneDrive\Área de Trabalho\Pesquisa\Pesquisa - Karielly\cric_cervix\images\cric_image_233_379c7ce231b0c43a3d9a964680573dce.png,C:\Users\jeanc\OneDrive\Área de Trabalho\Pesquisa\Pesquisa - Karielly\outputs_binary\crops\normal\img233_cell4465_normal.png,teste,1,0.9433476,1,anormal,0
248,a5ce47f6a10f543bf7fdac28b709d30d.png,4020,Negative for intraepithelial lesion,normal,0,500,786,C:\Users\jeanc\OneDrive\Área de Trabalho\Pesquisa\Pesquisa - Karielly\cric_cervix\images\cric_image_248_a5ce47f6a10f543bf7fdac28b709d30d.png,C:\Users\jeanc\OneDrive\Área de Trabalho\Pesquisa\Pesquisa - Karielly\outputs_binary\crops\normal\img248_cell4020_normal.png,validacao,1,0.046205748,0,normal,1
278,b5236e7b9f5dc7783cce4dbb5fb1a082.png,3266,Negative for intraepithelial lesion,normal,0,629,764,C:\Users\jeanc\OneDrive\Área de Trabalho\Pesquisa\Pesquisa - Karielly\cric_cervix\images\cric_image_278_b5236e7b9f5dc7783cce4dbb5fb1a082.png,C:\Users\jeanc\OneDrive\Área de Trabalho\Pesquisa\Pesquisa - Karielly\outputs_binary\crops\normal\img278_cell3266_normal.png,treino,1,0.012734979,0,normal,1
296,ba64e833160b9da794e7aeb64207ba69.png,2927,Negative for intraepithelial lesion,normal,0,1065,600,C:\Users\jeanc\OneDrive\Área de Trabalho\Pesquisa\Pesquisa - Karielly\cric_cervix\images\cric_image_296_ba64e833160b9da794e7aeb64207ba69.png,C:\Users\jeanc\OneDrive\Área de Trabalho\Pesquisa\Pesquisa - Karielly\outputs_binary\crops\normal\img296_cell2927_normal.png,treino,1,0.014842417,0,normal,1
337,16032768fe56bbb933730762d726d263.png,2171,Negative for intraepithelial lesion,normal,0,969,348,C:\Users\jeanc\OneDrive\Área de Trabalho\Pesquisa\Pesquisa - Karielly\cric_cervix\images\cric_image_337_16032768fe56bbb933730762d726d263.png,C:\Users\jeanc\OneDrive\Área de Trabalho\Pesquisa\Pesquisa - Karielly\outputs_binary\crops\normal\img337_cell2171_normal.png,treino,1,0.013428254,0,normal,1
330,3731e3064f5b3dfaf2df337f4b481c78.png,2346,Negative for intraepithelial lesion,normal,0,733,957,C:\Users\jeanc\OneDrive\Área de Trabalho\Pesquisa\Pesquisa - Karielly\cric_cervix\images\cric_image_330_3731e3064f5b3dfaf2df337f4b481c78.png,C:\Users\jeanc\OneDrive\Área de Trabalho\Pesquisa\Pesquisa - Karielly\outputs_binary\crops\normal\img330_cell2346_normal.png,teste,1,0.010611421,0,normal,1
132,763240077e66777b2a196a6af78c9716.png,6719,Negative for intraepithelial lesion,normal,0,232,44,C:\Users\jeanc\OneDrive\Área de Trabalho\Pesquisa\Pesquisa - Karielly\cric_cervix\images\cric_image_132_763240077e66777b2a196a6af78c9716.png,C:\Users\jeanc\OneDrive\Área de Trabalho\Pesquisa\Pesquisa - Karielly\outputs_binary\crops\normal\img132_cell6719_normal.png,teste,1,0.013480104,0,normal,1
315,c1d551f467cac1389043740557caae1f.png,2556,Negative for intraepithelial lesion,normal,0,1203,287,C:\Users\jeanc\OneDrive\Área de Trabalho\Pesquisa\Pesquisa - Karielly\cric_cervix\images\cric_image_315_c1d551f467cac1389043740557caae1f.png,C:\Users\jeanc\OneDrive\Área de Trabalho\Pesquisa\Pesquisa - Karielly\outputs_binary\crops\normal\img315_cell2556_normal.png,validacao,1,0.09426001,0,normal,1
144,b8491225e9d46d5f48c33c310b7d2755.png,6190,Negative for intraepithelial lesion,normal,0,622,659,C:\Users\jeanc\OneDrive\Área de Trabalho\Pesquisa\Pesquisa - Karielly\cric_cervix\images\cric_image_144_b8491225e9d46d5f48c33c310b7d2755.png,C:\Users\jeanc\OneDrive\Área de Trabalho\Pesquisa\Pesquisa - Karielly\outputs_binary\crops\normal\img144_cell6190_normal.png,treino,1,0.011309892,0,normal,1
266,29bb0d0010f481423a9d4293ad1e67b2.png,3595,Negative for intraepithelial lesion,normal,0,852,760,C:\Users\jeanc\OneDrive\Área de Trabalho\Pesquisa\Pesquisa - Karielly\cric_cervix\images\cric_image_266_29bb0d0010f481423a9d4293ad1e67b2.png,C:\Users\jeanc\OneDrive\Área de Trabalho\Pesquisa\Pesquisa - Karielly\outputs_binary\crops\normal\img266_cell3595_normal.png,treino,1,0.012920474,0,normal,1
48,c7c3f56a4d110b49099830b0f65251a3.png,10011,ASC-H,anormal,1,942,701,C:\Users\jeanc\OneDrive\Área de Trabalho\Pesquisa\Pesquisa - Karielly\cric_cervix\images\cric_image_048_c7c3f56a4d110b49099830b0f65251a3.png,C:\Users\jeanc\OneDrive\Área de Trabalho\Pesquisa\Pesquisa - Karielly\outputs_binary\crops\anormal\img048_cell10011_anormal.png,treino,1,0.839931,1,anormal,1
84,c7adf1972424f069b6355c500962722f.png,8022,HSIL,anormal,1,275,87,C:\Users\jeanc\OneDrive\Área de Trabalho\Pesquisa\Pesquisa - Karielly\cric_cervix\images\cric_image_084_c7adf1972424f069b6355c500962722f.png,C:\Users\jeanc\OneDrive\Área de Trabalho\Pesquisa\Pesquisa - Karielly\outputs_binary\crops\anormal\img084_cell8022_anormal.png,treino,1,0.95806944,1,anormal,1
229,f6ed8a6797cceb43ed891679cd4434de.png,4543,LSIL,anormal,1,463,574,C:\Users\jeanc\OneDrive\Área de Trabalho\Pesquisa\Pesquisa - Karielly\cric_cervix\images\cric_image_229_f6ed8a6797cceb43ed891679cd4434de.png,C:\Users\jeanc\OneDrive\Área de Trabalho\Pesquisa\Pesquisa - Karielly\outputs_binary\crops\anormal\img229_cell4543_anormal.png,treino,1,0.93663365,1,anormal,1
356,ceff389b4171940ab84ba46c42fbeb72.png,1578,LSIL,anormal,1,552,260,C:\Users\jeanc\OneDrive\Área de Trabalho\Pesquisa\Pesquisa - Karielly\cric_cervix\images\cric_image_356_ceff389b4171940ab84ba46c42fbeb72.png,C:\Users\jeanc\OneDrive\Área de Trabalho\Pesquisa\Pesquisa - Karielly\outputs_binary\crops\anormal\img356_cell1578_anormal.png,validacao,1,0.54425645,1,anormal,1
188,430addb0dc6daf0e6271fb6efe1a9777.png,5228,LSIL,anormal,1,463,466,C:\Users\jeanc\OneDrive\Área de Trabalho\Pesquisa\Pesquisa - Karielly\cric_cervix\images\cric_image_188_430addb0dc6daf0e6271fb6efe1a9777.png,C:\Users\jeanc\OneDrive\Área de Trabalho\Pesquisa\Pesquisa - Karielly\outputs_binary\crops\anormal\img188_cell5228_anormal.png,treino,1,0.943919,1,anormal,1
95,9b77f6a1b82859bc68b26fae965564fa.png,7740,SCC,anormal,1,1042,747,C:\Users\jeanc\OneDrive\Área de Trabalho\Pesquisa\Pesquisa - Karielly\cric_cervix\images\cric_image_095_9b77f6a1b82859bc68b26fae965564fa.png,C:\Users\jeanc\OneDrive\Área de Trabalho\Pesquisa\Pesquisa - Karielly\outputs_binary\crops\anormal\img095_cell7740_anormal.png,teste,1,0.98686606,1,anormal,1
354,fdcdaeed25a84e2966eda7ba86bdbcf6.png,1618,ASC-US,anormal,1,492,683,C:\Users\jeanc\OneDrive\Área de Trabalho\Pesquisa\Pesquisa - Karielly\cric_cervix\images\cric_image_354_fdcdaeed25a84e2966eda7ba86bdbcf6.png,C:\Users\jeanc\OneDrive\Área de Trabalho\Pesquisa\Pesquisa - Karielly\outputs_binary\crops\anormal\img354_cell1618_anormal.png,treino,1,0.9780936,1,anormal,1
50,6904abb84d55c002c01e119d241b18d9.png,9929,ASC-H,anormal,1,429,547,C:\Users\jeanc\OneDrive\Área de Trabalho\Pesquisa\Pesquisa - Karielly\cric_cervix\images\cric_image_050_6904abb84d55c002c01e119d241b18d9.png,C:\Users\jeanc\OneDrive\Área de Trabalho\Pesquisa\Pesquisa - Karielly\outputs_binary\crops\anormal\img050_cell9929_anormal.png,treino,1,0.9834546,1,anormal,1
188,430addb0dc6daf0e6271fb6efe1a9777.png,5256,LSIL,anormal,1,829,687,C:\Users\jeanc\OneDrive\Área de Trabalho\Pesquisa\Pesquisa - Karielly\cric_cervix\images\cric_image_188_430addb0dc6daf0e6271fb6efe1a9777.png,C:\Users\jeanc\OneDrive\Área de Trabalho\Pesquisa\Pesquisa - Karielly\outputs_binary\crops\anormal\img188_cell5256_anormal.png,treino,1,0.9846051,1,anormal,1
296,ba64e833160b9da794e7aeb64207ba69.png,2909,ASC-US,anormal,1,868,638,C:\Users\jeanc\OneDrive\Área de Trabalho\Pesquisa\Pesquisa - Karielly\cric_cervix\images\cric_image_296_ba64e833160b9da794e7aeb64207ba69.png,C:\Users\jeanc\OneDrive\Área de Trabalho\Pesquisa\Pesquisa - Karielly\outputs_binary\crops\anormal\img296_cell2909_anormal.png,treino,1,0.98685336,1,anormal,1
63,4e36cfad62c065237107d1a0fe1abd9b.png,9315,HSIL,anormal,1,932,398,C:\Users\jeanc\OneDrive\Área de Trabalho\Pesquisa\Pesquisa - Karielly\cric_cervix\images\cric_image_063_4e36cfad62c065237107d1a0fe1abd9b.png,C:\Users\jeanc\OneDrive\Área de Trabalho\Pesquisa\Pesquisa - Karielly\outputs_binary\crops\anormal\img063_cell9315_anormal.png,treino,1,0.9773924,1,anormal,1
73,19bdf3c429c892641865a1bd2b143fea.png,8519,HSIL,anormal,1,635,321,C:\Users\jeanc\OneDrive\Área de Trabalho\Pesquisa\Pesquisa - Karielly\cric_cervix\images\cric_image_073_19bdf3c429c892641865a1bd2b143fea.png,C:\Users\jeanc\OneDrive\Área de Trabalho\Pesquisa\Pesquisa - Karielly\outputs_binary\crops\anormal\img073_cell8519_anormal.png,teste,1,0.9845606,1,anormal,1
180,f5bd2f7c1dea1ebb6ab3aeb72834b282.png,5414,LSIL,anormal,1,462,773,C:\Users\jeanc\OneDrive\Área de Trabalho\Pesquisa\Pesquisa - Karielly\cric_cervix\images\cric_image_180_f5bd2f7c1dea1ebb6ab3aeb72834b282.png,C:\Users\jeanc\OneDrive\Área de Trabalho\Pesquisa\Pesquisa - Karielly\outputs_binary\crops\anormal\img180_cell5414_anormal.png,treino,1,0.98394,1,anormal,1
63,4e36cfad62c065237107d1a0fe1abd9b.png,9305,HSIL,anormal,1,356,499,C:\Users\jeanc\OneDrive\Área de Trabalho\Pesquisa\Pesquisa - Karielly\cric_cervix\images\cric_image_063_4e36cfad62c065237107d1a0fe1abd9b.png,C:\Users\jeanc\OneDrive\Área de Trabalho\Pesquisa\Pesquisa - Karielly\outputs_binary\crops\anormal\img063_cell9305_anormal.png,treino,1,0.9678993,1,anormal,1
26,584d79af21c45131e9af9d54d2c2b8e4.png,10719,ASC-US,anormal,1,333,477,C:\Users\jeanc\OneDrive\Área de Trabalho\Pesquisa\Pesquisa - Karielly\cric_cervix\images\cric_image_026_584d79af21c45131e9af9d54d2c2b8e4.png,C:\Users\jeanc\OneDrive\Área de Trabalho\Pesquisa\Pesquisa - Karielly\outputs_binary\crops\anormal\img026_cell10719_anormal.png,teste,1,0.016044557,0,normal,0
249,bd7e1530680d11547db567150fa7c403.png,4004,LSIL,anormal,1,516,627,C:\Users\jeanc\OneDrive\Área de Trabalho\Pesquisa\Pesquisa - Karielly\cric_cervix\images\cric_image_249_bd7e1530680d11547db567150fa7c403.png,C:\Users\jeanc\OneDrive\Área de Trabalho\Pesquisa\Pesquisa - Karielly\outputs_binary\crops\anormal\img249_cell4004_anormal.png,validacao,1,0.9860174,1,anormal,1
67,ce433f891aafce35a31e058364a98194.png,8919,HSIL,anormal,1,619,38,C:\Users\jeanc\OneDrive\Área de Trabalho\Pesquisa\Pesquisa - Karielly\cric_cervix\images\cric_image_067_ce433f891aafce35a31e058364a98194.png,C:\Users\jeanc\OneDrive\Área de Trabalho\Pesquisa\Pesquisa - Karielly\outputs_binary\crops\anormal\img067_cell8919_anormal.png,validacao,1,0.98155975,1,anormal,1
347,2810965a78043a20fc999bfddec80b90.png,1814,LSIL,anormal,1,283,216,C:\Users\jeanc\OneDrive\Área de Trabalho\Pesquisa\Pesquisa - Karielly\cric_cervix\images\cric_image_347_2810965a78043a20fc999bfddec80b90.png,C:\Users\jeanc\OneDrive\Área de Trabalho\Pesquisa\Pesquisa - Karielly\outputs_binary\crops\anormal\img347_cell1814_anormal.png,treino,1,0.98677725,1,anormal,1
229,f6ed8a6797cceb43ed891679cd4434de.png,4534,LSIL,anormal,1,343,384,C:\Users\jeanc\OneDrive\Área de Trabalho\Pesquisa\Pesquisa - Karielly\cric_cervix\images\cric_image_229_f6ed8a6797cceb43ed891679cd4434de.png,C:\Users\jeanc\OneDrive\Área de Trabalho\Pesquisa\Pesquisa - Karielly\outputs_binary\crops\anormal\img229_cell4534_anormal.png,treino,1,0.94417685,1,anormal,1
188,430addb0dc6daf0e6271fb6efe1a9777.png,5243,LSIL,anormal,1,894,585,C:\Users\jeanc\OneDrive\Área de Trabalho\Pesquisa\Pesquisa - Karielly\cric_cervix\images\cric_image_188_430addb0dc6daf0e6271fb6efe1a9777.png,C:\Users\jeanc\OneDrive\Área de Trabalho\Pesquisa\Pesquisa - Karielly\outputs_binary\crops\anormal\img188_cell5243_anormal.png,treino,1,0.69832945,1,anormal,1
41,33708abb81e40ff45d1510c44546e82f.png,10166,LSIL,anormal,1,282,669,C:\Users\jeanc\OneDrive\Área de Trabalho\Pesquisa\Pesquisa - Karielly\cric_cervix\images\cric_image_041_33708abb81e40ff45d1510c44546e82f.png,C:\Users\jeanc\OneDrive\Área de Trabalho\Pesquisa\Pesquisa - Karielly\outputs_binary\crops\anormal\img041_cell10166_anormal.png,treino,1,0.98677725,1,anormal,1
67,ce433f891aafce35a31e058364a98194.png,8895,HSIL,anormal,1,774,919,C:\Users\jeanc\OneDrive\Área de Trabalho\Pesquisa\Pesquisa - Karielly\cric_cervix\images\cric_image_067_ce433f891aafce35a31e058364a98194.png,C:\Users\jeanc\OneDrive\Área de Trabalho\Pesquisa\Pesquisa - Karielly\outputs_binary\crops\anormal\img067_cell8895_anormal.png,validacao,1,0.9835812,1,anormal,1
352,060d7d018977ad7cca7643f2deb6f3e8.png,1634,LSIL,anormal,1,903,415,C:\Users\jeanc\OneDrive\Área de Trabalho\Pesquisa\Pesquisa - Karielly\cric_cervix\images\cric_image_352_060d7d018977ad7cca7643f2deb6f3e8.png,C:\Users\jeanc\OneDrive\Área de Trabalho\Pesquisa\Pesquisa - Karielly\outputs_binary\crops\anormal\img352_cell1634_anormal.png,treino,1,0.9859228,1,anormal,1
84,c7adf1972424f069b6355c500962722f.png,8014,SCC,anormal,1,725,822,C:\Users\jeanc\OneDrive\Área de Trabalho\Pesquisa\Pesquisa - Karielly\cric_cervix\images\cric_image_084_c7adf1972424f069b6355c500962722f.png,C:\Users\jeanc\OneDrive\Área de Trabalho\Pesquisa\Pesquisa - Karielly\outputs_binary\crops\anormal\img084_cell8014_anormal.png,treino,1,0.9694401,1,anormal,1
73,19bdf3c429c892641865a1bd2b143fea.png,8623,HSIL,anormal,1,303,325,C:\Users\jeanc\OneDrive\Área de Trabalho\Pesquisa\Pesquisa - Karielly\cric_cervix\images\cric_image_073_19bdf3c429c892641865a1bd2b143fea.png,C:\Users\jeanc\OneDrive\Área de Trabalho\Pesquisa\Pesquisa - Karielly\outputs_binary\crops\anormal\img073_cell8623_anormal.png,teste,1,0.98376936,1,anormal,1
183,d44546808b8c6976fbc7946f370562c4.png,5360,LSIL,anormal,1,654,873,C:\Users\jeanc\OneDrive\Área de Trabalho\Pesquisa\Pesquisa - Karielly\cric_cervix\images\cric_image_183_d44546808b8c6976fbc7946f370562c4.png,C:\Users\jeanc\OneDrive\Área de Trabalho\Pesquisa\Pesquisa - Karielly\outputs_binary\crops\anormal\img183_cell5360_anormal.png,treino,1,0.98445636,1,anormal,1
352,060d7d018977ad7cca7643f2deb6f3e8.png,1636,LSIL,anormal,1,579,630,C:\Users\jeanc\OneDrive\Área de Trabalho\Pesquisa\Pesquisa - Karielly\cric_cervix\images\cric_image_352_060d7d018977ad7cca7643f2deb6f3e8.png,C:\Users\jeanc\OneDrive\Área de Trabalho\Pesquisa\Pesquisa - Karielly\outputs_binary\crops\anormal\img352_cell1636_anormal.png,treino,1,0.9853843,1,anormal,1
48,c7c3f56a4d110b49099830b0f65251a3.png,9997,ASC-H,anormal,1,315,513,C:\Users\jeanc\OneDrive\Área de Trabalho\Pesquisa\Pesquisa - Karielly\cric_cervix\images\cric_image_048_c7c3f56a4d110b49099830b0f65251a3.png,C:\Users\jeanc\OneDrive\Área de Trabalho\Pesquisa\Pesquisa - Karielly\outputs_binary\crops\anormal\img048_cell9997_anormal.png,treino,1,0.9752254,1,anormal,1
183,d44546808b8c6976fbc7946f370562c4.png,5356,LSIL,anormal,1,806,479,C:\Users\jeanc\OneDrive\Área de Trabalho\Pesquisa\Pesquisa - Karielly\cric_cervix\images\cric_image_183_d44546808b8c6976fbc7946f370562c4.png,C:\Users\jeanc\OneDrive\Área de Trabalho\Pesquisa\Pesquisa - Karielly\outputs_binary\crops\anormal\img183_cell5356_anormal.png,treino,1,0.18899663,0,normal,0
62,83685961615806fbb89a8788aa117f05.png,9394,HSIL,anormal,1,714,562,C:\Users\jeanc\OneDrive\Área de Trabalho\Pesquisa\Pesquisa - Karielly\cric_cervix\images\cric_image_062_83685961615806fbb89a8788aa117f05.png,C:\Users\jeanc\OneDrive\Área de Trabalho\Pesquisa\Pesquisa - Karielly\outputs_binary\crops\anormal\img062_cell9394_anormal.png,treino,1,0.9861647,1,anormal,1
188,430addb0dc6daf0e6271fb6efe1a9777.png,5231,LSIL,anormal,1,767,487,C:\Users\jeanc\OneDrive\Área de Trabalho\Pesquisa\Pesquisa - Karielly\cric_cervix\images\cric_image_188_430addb0dc6daf0e6271fb6efe1a9777.png,C:\Users\jeanc\OneDrive\Área de Trabalho\Pesquisa\Pesquisa - Karielly\outputs_binary\crops\anormal\img188_cell5231_anormal.png,treino,1,0.024727408,0,normal,0
63,4e36cfad62c065237107d1a0fe1abd9b.png,9259,HSIL,anormal,1,1142,430,C:\Users\jeanc\OneDrive\Área de Trabalho\Pesquisa\Pesquisa - Karielly\cric_cervix\images\cric_image_063_4e36cfad62c065237107d1a0fe1abd9b.png,C:\Users\jeanc\OneDrive\Área de Trabalho\Pesquisa\Pesquisa - Karielly\outputs_binary\crops\anormal\img063_cell9259_anormal.png,treino,1,0.9848547,1,anormal,1
92,66ac6258c1215e76435accb18ec68f08.png,7803,HSIL,anormal,1,1020,438,C:\Users\jeanc\OneDrive\Área de Trabalho\Pesquisa\Pesquisa - Karielly\cric_cervix\images\cric_image_092_66ac6258c1215e76435accb18ec68f08.png,C:\Users\jeanc\OneDrive\Área de Trabalho\Pesquisa\Pesquisa - Karielly\outputs_binary\crops\anormal\img092_cell7803_anormal.png,treino,1,0.98478174,1,anormal,1
282,04010e1dae8de0da7f038efd3a0a204a.png,3169,ASC-US,anormal,1,365,467,C:\Users\jeanc\OneDrive\Área de Trabalho\Pesquisa\Pesquisa - Karielly\cric_cervix\images\cric_image_282_04010e1dae8de0da7f038efd3a0a204a.png,C:\Users\jeanc\OneDrive\Área de Trabalho\Pesquisa\Pesquisa - Karielly\outputs_binary\crops\anormal\img282_cell3169_anormal.png,validacao,1,0.28836867,0,normal,0
98,eb3f9b657f847098a227d3c826c6d19c.png,7689,SCC,anormal,1,348,612,C:\Users\jeanc\OneDrive\Área de Trabalho\Pesquisa\Pesquisa - Karielly\cric_cervix\images\cric_image_098_eb3f9b657f847098a227d3c826c6d19c.png,C:\Users\jeanc\OneDrive\Área de Trabalho\Pesquisa\Pesquisa - Karielly\outputs_binary\crops\anormal\img098_cell7689_anormal.png,treino,1,0.06267437,0,normal,0
248,a5ce47f6a10f543bf7fdac28b709d30d.png,4040,LSIL,anormal,1,914,838,C:\Users\jeanc\OneDrive\Área de Trabalho\Pesquisa\Pesquisa - Karielly\cric_cervix\images\cric_image_248_a5ce47f6a10f543bf7fdac28b709d30d.png,C:\Users\jeanc\OneDrive\Área de Trabalho\Pesquisa\Pesquisa - Karielly\outputs_binary\crops\anormal\img248_cell4040_anormal.png,validacao,1,0.13701203,0,normal,0
67,ce433f891aafce35a31e058364a98194.png,8920,HSIL,anormal,1,464,490,C:\Users\jeanc\OneDrive\Área de Trabalho\Pesquisa\Pesquisa - Karielly\cric_cervix\images\cric_image_067_ce433f891aafce35a31e058364a98194.png,C:\Users\jeanc\OneDrive\Área de Trabalho\Pesquisa\Pesquisa - Karielly\outputs_binary\crops\anormal\img067_cell8920_anormal.png,validacao,1,0.9731898,1,anormal,1
73,19bdf3c429c892641865a1bd2b143fea.png,8526,HSIL,anormal,1,557,444,C:\Users\jeanc\OneDrive\Área de Trabalho\Pesquisa\Pesquisa - Karielly\cric_cervix\images\cric_image_073_19bdf3c429c892641865a1bd2b143fea.png,C:\Users\jeanc\OneDrive\Área de Trabalho\Pesquisa\Pesquisa - Karielly\outputs_binary\crops\anormal\img073_cell8526_anormal.png,teste,1,0.9829055,1,anormal,1
188,430addb0dc6daf0e6271fb6efe1a9777.png,5229,LSIL,anormal,1,515,503,C:\Users\jeanc\OneDrive\Área de Trabalho\Pesquisa\Pesquisa - Karielly\cric_cervix\images\cric_image_188_430addb0dc6daf0e6271fb6efe1a9777.png,C:\Users\jeanc\OneDrive\Área de Trabalho\Pesquisa\Pesquisa - Karielly\outputs_binary\crops\anormal\img188_cell5229_anormal.png,treino,1,0.17909941,0,normal,0
59,5223912945e356e1d6de561ad62a946f.png,9582,ASC-H,anormal,1,628,435,C:\Users\jeanc\OneDrive\Área de Trabalho\Pesquisa\Pesquisa - Karielly\cric_cervix\images\cric_image_059_5223912945e356e1d6de561ad62a946f.png,C:\Users\jeanc\OneDrive\Área de Trabalho\Pesquisa\Pesquisa - Karielly\outputs_binary\crops\anormal\img059_cell9582_anormal.png,treino,1,0.97800976,1,anormal,1
84,c7adf1972424f069b6355c500962722f.png,8049,LSIL,anormal,1,266,927,C:\Users\jeanc\OneDrive\Área de Trabalho\Pesquisa\Pesquisa - Karielly\cric_cervix\images\cric_image_084_c7adf1972424f069b6355c500962722f.png,C:\Users\jeanc\OneDrive\Área de Trabalho\Pesquisa\Pesquisa - Karielly\outputs_binary\crops\anormal\img084_cell8049_anormal.png,treino,1,0.9550264,1,anormal,1
63,4e36cfad62c065237107d1a0fe1abd9b.png,9280,HSIL,anormal,1,707,512,C:\Users\jeanc\OneDrive\Área de Trabalho\Pesquisa\Pesquisa - Karielly\cric_cervix\images\cric_image_063_4e36cfad62c065237107d1a0fe1abd9b.png,C:\Users\jeanc\OneDrive\Área de Trabalho\Pesquisa\Pesquisa - Karielly\outputs_binary\crops\anormal\img063_cell9280_anormal.png,treino,1,0.9849274,1,anormal,1
229,f6ed8a6797cceb43ed891679cd4434de.png,4526,LSIL,anormal,1,158,329,C:\Users\jeanc\OneDrive\Área de Trabalho\Pesquisa\Pesquisa - Karielly\cric_cervix\images\cric_image_229_f6ed8a6797cceb43ed891679cd4434de.png,C:\Users\jeanc\OneDrive\Área de Trabalho\Pesquisa\Pesquisa - Karielly\outputs_binary\crops\anormal\img229_cell4526_anormal.png,treino,1,0.026835687,0,normal,0
354,fdcdaeed25a84e2966eda7ba86bdbcf6.png,1620,ASC-US,anormal,1,144,291,C:\Users\jeanc\OneDrive\Área de Trabalho\Pesquisa\Pesquisa - Karielly\cric_cervix\images\cric_image_354_fdcdaeed25a84e2966eda7ba86bdbcf6.png,C:\Users\jeanc\OneDrive\Área de Trabalho\Pesquisa\Pesquisa - Karielly\outputs_binary\crops\anormal\img354_cell1620_anormal.png,treino,1,0.9855661,1,anormal,1
84,c7adf1972424f069b6355c500962722f.png,8031,HSIL,anormal,1,548,513,C:\Users\jeanc\OneDrive\Área de Trabalho\Pesquisa\Pesquisa - Karielly\cric_cervix\images\cric_image_084_c7adf1972424f069b6355c500962722f.png,C:\Users\jeanc\OneDrive\Área de Trabalho\Pesquisa\Pesquisa - Karielly\outputs_binary\crops\anormal\img084_cell8031_anormal.png,treino,1,0.8850366,1,anormal,1
84,c7adf1972424f069b6355c500962722f.png,8045,ASC-H,anormal,1,700,440,C:\Users\jeanc\OneDrive\Área de Trabalho\Pesquisa\Pesquisa - Karielly\cric_cervix\images\cric_image_084_c7adf1972424f069b6355c500962722f.png,C:\Users\jeanc\OneDrive\Área de Trabalho\Pesquisa\Pesquisa - Karielly\outputs_binary\crops\anormal\img084_cell8045_anormal.png,treino,1,0.97966766,1,anormal,1
73,19bdf3c429c892641865a1bd2b143fea.png,8531,HSIL,anormal,1,218,739,C:\Users\jeanc\OneDrive\Área de Trabalho\Pesquisa\Pesquisa - Karielly\cric_cervix\images\cric_image_073_19bdf3c429c892641865a1bd2b143fea.png,C:\Users\jeanc\OneDrive\Área de Trabalho\Pesquisa\Pesquisa - Karielly\outputs_binary\crops\anormal\img073_cell8531_anormal.png,teste,1,0.9849128,1,anormal,1
41,33708abb81e40ff45d1510c44546e82f.png,10170,ASC-US,anormal,1,584,848,C:\Users\jeanc\OneDrive\Área de Trabalho\Pesquisa\Pesquisa - Karielly\cric_cervix\images\cric_image_041_33708abb81e40ff45d1510c44546e82f.png,C:\Users\jeanc\OneDrive\Área de Trabalho\Pesquisa\Pesquisa - Karielly\outputs_binary\crops\anormal\img041_cell10170_anormal.png,treino,1,0.97840524,1,anormal,1
73,19bdf3c429c892641865a1bd2b143fea.png,8509,HSIL,anormal,1,417,287,C:\Users\jeanc\OneDrive\Área de Trabalho\Pesquisa\Pesquisa - Karielly\cric_cervix\images\cric_image_073_19bdf3c429c892641865a1bd2b143fea.png,C:\Users\jeanc\OneDrive\Área de Trabalho\Pesquisa\Pesquisa - Karielly\outputs_binary\crops\anormal\img073_cell8509_anormal.png,teste,1,0.98387814,1,anormal,1
271,0d2057f820c3b157fd030fe3308f60dc.png,3492,ASC-US,anormal,1,687,540,C:\Users\jeanc\OneDrive\Área de Trabalho\Pesquisa\Pesquisa - Karielly\cric_cervix\images\cric_image_271_0d2057f820c3b157fd030fe3308f60dc.png,C:\Users\jeanc\OneDrive\Área de Trabalho\Pesquisa\Pesquisa - Karielly\outputs_binary\crops\anormal\img271_cell3492_anormal.png,treino,1,0.98607117,1,anormal,1
188,430addb0dc6daf0e6271fb6efe1a9777.png,5250,LSIL,anormal,1,1102,477,C:\Users\jeanc\OneDrive\Área de Trabalho\Pesquisa\Pesquisa - Karielly\cric_cervix\images\cric_image_188_430addb0dc6daf0e6271fb6efe1a9777.png,C:\Users\jeanc\OneDrive\Área de Trabalho\Pesquisa\Pesquisa - Karielly\outputs_binary\crops\anormal\img188_cell5250_anormal.png,treino,1,0.17895591,0,normal,0
62,83685961615806fbb89a8788aa117f05.png,9429,HSIL,anormal,1,1161,561,C:\Users\jeanc\OneDrive\Área de Trabalho\Pesquisa\Pesquisa - Karielly\cric_cervix\images\cric_image_062_83685961615806fbb89a8788aa117f05.png,C:\Users\jeanc\OneDrive\Área de Trabalho\Pesquisa\Pesquisa - Karielly\outputs_binary\crops\anormal\img062_cell9429_anormal.png,treino,1,0.9837382,1,anormal,1
188,430addb0dc6daf0e6271fb6efe1a9777.png,5247,LSIL,anormal,1,1003,481,C:\Users\jeanc\OneDrive\Área de Trabalho\Pesquisa\Pesquisa - Karielly\cric_cervix\images\cric_image_188_430addb0dc6daf0e6271fb6efe1a9777.png,C:\Users\jeanc\OneDrive\Área de Trabalho\Pesquisa\Pesquisa - Karielly\outputs_binary\crops\anormal\img188_cell5247_anormal.png,treino,1,0.9866105,1,anormal,1
84,c7adf1972424f069b6355c500962722f.png,8044,ASC-H,anormal,1,688,418,C:\Users\jeanc\OneDrive\Área de Trabalho\Pesquisa\Pesquisa - Karielly\cric_cervix\images\cric_image_084_c7adf1972424f069b6355c500962722f.png,C:\Users\jeanc\OneDrive\Área de Trabalho\Pesquisa\Pesquisa - Karielly\outputs_binary\crops\anormal\img084_cell8044_anormal.png,treino,1,0.98279023,1,anormal,1
282,04010e1dae8de0da7f038efd3a0a204a.png,3159,ASC-US,anormal,1,895,351,C:\Users\jeanc\OneDrive\Área de Trabalho\Pesquisa\Pesquisa - Karielly\cric_cervix\images\cric_image_282_04010e1dae8de0da7f038efd3a0a204a.png,C:\Users\jeanc\OneDrive\Área de Trabalho\Pesquisa\Pesquisa - Karielly\outputs_binary\crops\anormal\img282_cell3159_anormal.png,validacao,1,0.856092,1,anormal,1
73,19bdf3c429c892641865a1bd2b143fea.png,8604,HSIL,anormal,1,1142,448,C:\Users\jeanc\OneDrive\Área de Trabalho\Pesquisa\Pesquisa - Karielly\cric_cervix\images\cric_image_073_19bdf3c429c892641865a1bd2b143fea.png,C:\Users\jeanc\OneDrive\Área de Trabalho\Pesquisa\Pesquisa - Karielly\outputs_binary\crops\anormal\img073_cell8604_anormal.png,teste,1,0.9844114,1,anormal,1
188,430addb0dc6daf0e6271fb6efe1a9777.png,5242,LSIL,anormal,1,864,528,C:\Users\jeanc\OneDrive\Área de Trabalho\Pesquisa\Pesquisa - Karielly\cric_cervix\images\cric_image_188_430addb0dc6daf0e6271fb6efe1a9777.png,C:\Users\jeanc\OneDrive\Área de Trabalho\Pesquisa\Pesquisa - Karielly\outputs_binary\crops\anormal\img188_cell5242_anormal.png,treino,1,0.5900929,1,anormal,1
42,45c237e071148a104c2770fbca5e67a8.png,10145,LSIL,anormal,1,507,490,C:\Users\jeanc\OneDrive\Área de Trabalho\Pesquisa\Pesquisa - Karielly\cric_cervix\images\cric_image_042_45c237e071148a104c2770fbca5e67a8.png,C:\Users\jeanc\OneDrive\Área de Trabalho\Pesquisa\Pesquisa - Karielly\outputs_binary\crops\anormal\img042_cell10145_anormal.png,treino,1,0.8926561,1,anormal,1
73,19bdf3c429c892641865a1bd2b143fea.png,8583,HSIL,anormal,1,828,554,C:\Users\jeanc\OneDrive\Área de Trabalho\Pesquisa\Pesquisa - Karielly\cric_cervix\images\cric_image_073_19bdf3c429c892641865a1bd2b143fea.png,C:\Users\jeanc\OneDrive\Área de Trabalho\Pesquisa\Pesquisa - Karielly\outputs_binary\crops\anormal\img073_cell8583_anormal.png,teste,1,0.9849563,1,anormal,1
62,83685961615806fbb89a8788aa117f05.png,9435,HSIL,anormal,1,1024,77,C:\Users\jeanc\OneDrive\Área de Trabalho\Pesquisa\Pesquisa - Karielly\cric_cervix\images\cric_image_062_83685961615806fbb89a8788aa117f05.png,C:\Users\jeanc\OneDrive\Área de Trabalho\Pesquisa\Pesquisa - Karielly\outputs_binary\crops\anormal\img062_cell9435_anormal.png,treino,1,0.9834546,1,anormal,1
31,88e5e1814b1a2c4d30e28f8b98ba157c.png,10448,Negative for intraepithelial lesion,normal,0,72,422,C:\Users\jeanc\OneDrive\Área de Trabalho\Pesquisa\Pesquisa - Karielly\cric_cervix\images\cric_image_031_88e5e1814b1a2c4d30e28f8b98ba157c.png,C:\Users\jeanc\OneDrive\Área de Trabalho\Pesquisa\Pesquisa - Karielly\outputs_binary\crops\normal\img031_cell10448_normal.png,teste,2,0.22541662,0,normal,1
141,30c400872fcaf018f0605eeff12d0f51.png,6288,Negative for intraepithelial lesion,normal,0,337,983,C:\Users\jeanc\OneDrive\Área de Trabalho\Pesquisa\Pesquisa - Karielly\cric_cervix\images\cric_image_141_30c400872fcaf018f0605eeff12d0f51.png,C:\Users\jeanc\OneDrive\Área de Trabalho\Pesquisa\Pesquisa - Karielly\outputs_binary\crops\normal\img141_cell6288_normal.png,validacao,2,0.018887341,0,normal,1
138,c0d57801655afd0ab48ad3f1e4b43603.png,6425,Negative for intraepithelial lesion,normal,0,373,742,C:\Users\jeanc\OneDrive\Área de Trabalho\Pesquisa\Pesquisa - Karielly\cric_cervix\images\cric_image_138_c0d57801655afd0ab48ad3f1e4b43603.png,C:\Users\jeanc\OneDrive\Área de Trabalho\Pesquisa\Pesquisa - Karielly\outputs_binary\crops\normal\img138_cell6425_normal.png,teste,2,0.015424551,0,normal,1
116,ccfee7ab69cc4221156c47426b0e8ec8.png,7288,Negative for intraepithelial lesion,normal,0,785,448,C:\Users\jeanc\OneDrive\Área de Trabalho\Pesquisa\Pesquisa - Karielly\cric_cervix\images\cric_image_116_ccfee7ab69cc4221156c47426b0e8ec8.png,C:\Users\jeanc\OneDrive\Área de Trabalho\Pesquisa\Pesquisa - Karielly\outputs_binary\crops\normal\img116_cell7288_normal.png,treino,2,0.017883008,0,normal,1
18,3659bf68aeea760b319cd0710e3651fb.png,11026,Negative for intraepithelial lesion,normal,0,178,707,C:\Users\jeanc\OneDrive\Área de Trabalho\Pesquisa\Pesquisa - Karielly\cric_cervix\images\cric_image_018_3659bf68aeea760b319cd0710e3651fb.png,C:\Users\jeanc\OneDrive\Área de Trabalho\Pesquisa\Pesquisa - Karielly\outputs_binary\crops\normal\img018_cell11026_normal.png,treino,2,0.02505927,0,normal,1
28,c5a3e789e449a8123509be5fd671b6b2.png,10613,Negative for intraepithelial lesion,normal,0,178,100,C:\Users\jeanc\OneDrive\Área de Trabalho\Pesquisa\Pesquisa - Karielly\cric_cervix\images\cric_image_028_c5a3e789e449a8123509be5fd671b6b2.png,C:\Users\jeanc\OneDrive\Área de Trabalho\Pesquisa\Pesquisa - Karielly\outputs_binary\crops\normal\img028_cell10613_normal.png,treino,2,0.024283867,0,normal,1
121,84c4b1e0a44ff6f6ce78e04f751518ed.png,7054,Negative for intraepithelial lesion,normal,0,974,715,C:\Users\jeanc\OneDrive\Área de Trabalho\Pesquisa\Pesquisa - Karielly\cric_cervix\images\cric_image_121_84c4b1e0a44ff6f6ce78e04f751518ed.png,C:\Users\jeanc\OneDrive\Área de Trabalho\Pesquisa\Pesquisa - Karielly\outputs_binary\crops\normal\img121_cell7054_normal.png,treino,2,0.02463338,0,normal,1
21,faf0a263bf469832c7569a5ccbaa48c3.png,10934,Negative for intraepithelial lesion,normal,0,755,279,C:\Users\jeanc\OneDrive\Área de Trabalho\Pesquisa\Pesquisa - Karielly\cric_cervix\images\cric_image_021_faf0a263bf469832c7569a5ccbaa48c3.png,C:\Users\jeanc\OneDrive\Área de Trabalho\Pesquisa\Pesquisa - Karielly\outputs_binary\crops\normal\img021_cell10934_normal.png,treino,2,0.049085185,0,normal,1
240,9dc92f731aa43451aaccdaabbca220fa.png,4231,Negative for intraepithelial lesion,normal,0,96,691,C:\Users\jeanc\OneDrive\Área de Trabalho\Pesquisa\Pesquisa - Karielly\cric_cervix\images\cric_image_240_9dc92f731aa43451aaccdaabbca220fa.png,C:\Users\jeanc\OneDrive\Área de Trabalho\Pesquisa\Pesquisa - Karielly\outputs_binary\crops\normal\img240_cell4231_normal.png,teste,2,0.018797072,0,normal,1
256,8932ac9bf855b72eef7390e7e486133e.png,3787,Negative for intraepithelial lesion,normal,0,184,540,C:\Users\jeanc\OneDrive\Área de Trabalho\Pesquisa\Pesquisa - Karielly\cric_cervix\images\cric_image_256_8932ac9bf855b72eef7390e7e486133e.png,C:\Users\jeanc\OneDrive\Área de Trabalho\Pesquisa\Pesquisa - Karielly\outputs_binary\crops\normal\img256_cell3787_normal.png,validacao,2,0.054550216,0,normal,1
120,79bd0d0b44949450452bd745fd795a9a.png,7131,Negative for intraepithelial lesion,normal,0,1145,927,C:\Users\jeanc\OneDrive\Área de Trabalho\Pesquisa\Pesquisa - Karielly\cric_cervix\images\cric_image_120_79bd0d0b44949450452bd745fd795a9a.png,C:\Users\jeanc\OneDrive\Área de Trabalho\Pesquisa\Pesquisa - Karielly\outputs_binary\crops\normal\img120_cell7131_normal.png,treino,2,0.012123754,0,normal,1
28,c5a3e789e449a8123509be5fd671b6b2.png,10642,Negative for intraepithelial lesion,normal,0,1242,916,C:\Users\jeanc\OneDrive\Área de Trabalho\Pesquisa\Pesquisa - Karielly\cric_cervix\images\cric_image_028_c5a3e789e449a8123509be5fd671b6b2.png,C:\Users\jeanc\OneDrive\Área de Trabalho\Pesquisa\Pesquisa - Karielly\outputs_binary\crops\normal\img028_cell10642_normal.png,treino,2,0.032682236,0,normal,1
349,0c2a10baed0650fa1f7bb87e5d83a545.png,1736,Negative for intraepithelial lesion,normal,0,195,172,C:\Users\jeanc\OneDrive\Área de Trabalho\Pesquisa\Pesquisa - Karielly\cric_cervix\images\cric_image_349_0c2a10baed0650fa1f7bb87e5d83a545.png,C:\Users\jeanc\OneDrive\Área de Trabalho\Pesquisa\Pesquisa - Karielly\outputs_binary\crops\normal\img349_cell1736_normal.png,treino,2,0.024007749,0,normal,1
28,c5a3e789e449a8123509be5fd671b6b2.png,10639,Negative for intraepithelial lesion,normal,0,568,908,C:\Users\jeanc\OneDrive\Área de Trabalho\Pesquisa\Pesquisa - Karielly\cric_cervix\images\cric_image_028_c5a3e789e449a8123509be5fd671b6b2.png,C:\Users\jeanc\OneDrive\Área de Trabalho\Pesquisa\Pesquisa - Karielly\outputs_binary\crops\normal\img028_cell10639_normal.png,treino,2,0.035111748,0,normal,1
117,21b6561df430853f3831fd83389c109f.png,7153,Negative for intraepithelial lesion,normal,0,128,562,C:\Users\jeanc\OneDrive\Área de Trabalho\Pesquisa\Pesquisa - Karielly\cric_cervix\images\cric_image_117_21b6561df430853f3831fd83389c109f.png,C:\Users\jeanc\OneDrive\Área de Trabalho\Pesquisa\Pesquisa - Karielly\outputs_binary\crops\normal\img117_cell7153_normal.png,teste,2,0.0248928,0,normal,1
116,ccfee7ab69cc4221156c47426b0e8ec8.png,7269,Negative for intraepithelial lesion,normal,0,268,420,C:\Users\jeanc\OneDrive\Área de Trabalho\Pesquisa\Pesquisa - Karielly\cric_cervix\images\cric_image_116_ccfee7ab69cc4221156c47426b0e8ec8.png,C:\Users\jeanc\OneDrive\Área de Trabalho\Pesquisa\Pesquisa - Karielly\outputs_binary\crops\normal\img116_cell7269_normal.png,treino,2,0.041346,0,normal,1
117,21b6561df430853f3831fd83389c109f.png,7151,Negative for intraepithelial lesion,normal,0,114,524,C:\Users\jeanc\OneDrive\Área de Trabalho\Pesquisa\Pesquisa - Karielly\cric_cervix\images\cric_image_117_21b6561df430853f3831fd83389c109f.png,C:\Users\jeanc\OneDrive\Área de Trabalho\Pesquisa\Pesquisa - Karielly\outputs_binary\crops\normal\img117_cell7151_normal.png,teste,2,0.023734689,0,normal,1
18,3659bf68aeea760b319cd0710e3651fb.png,11042,Negative for intraepithelial lesion,normal,0,87,627,C:\Users\jeanc\OneDrive\Área de Trabalho\Pesquisa\Pesquisa - Karielly\cric_cervix\images\cric_image_018_3659bf68aeea760b319cd0710e3651fb.png,C:\Users\jeanc\OneDrive\Área de Trabalho\Pesquisa\Pesquisa - Karielly\outputs_binary\crops\normal\img018_cell11042_normal.png,treino,2,0.03875619,0,normal,1
121,84c4b1e0a44ff6f6ce78e04f751518ed.png,7040,Negative for intraepithelial lesion,normal,0,559,631,C:\Users\jeanc\OneDrive\Área de Trabalho\Pesquisa\Pesquisa - Karielly\cric_cervix\images\cric_image_121_84c4b1e0a44ff6f6ce78e04f751518ed.png,C:\Users\jeanc\OneDrive\Área de Trabalho\Pesquisa\Pesquisa - Karielly\outputs_binary\crops\normal\img121_cell7040_normal.png,treino,2,0.009285965,0,normal,1
138,c0d57801655afd0ab48ad3f1e4b43603.png,6426,Negative for intraepithelial lesion,normal,0,168,227,C:\Users\jeanc\OneDrive\Área de Trabalho\Pesquisa\Pesquisa - Karielly\cric_cervix\images\cric_image_138_c0d57801655afd0ab48ad3f1e4b43603.png,C:\Users\jeanc\OneDrive\Área de Trabalho\Pesquisa\Pesquisa - Karielly\outputs_binary\crops\normal\img138_cell6426_normal.png,teste,2,0.044597577,0,normal,1
225,fcc9c7e2fc1a0f4d30fa745308d15194.png,4656,Negative for intraepithelial lesion,normal,0,1159,994,C:\Users\jeanc\OneDrive\Área de Trabalho\Pesquisa\Pesquisa - Karielly\cric_cervix\images\cric_image_225_fcc9c7e2fc1a0f4d30fa745308d15194.png,C:\Users\jeanc\OneDrive\Área de Trabalho\Pesquisa\Pesquisa - Karielly\outputs_binary\crops\normal\img225_cell4656_normal.png,treino,2,0.022846196,0,normal,1
281,477a31e5481902c6624a3d0407be13bf.png,3183,Negative for intraepithelial lesion,normal,0,1218,777,C:\Users\jeanc\OneDrive\Área de Trabalho\Pesquisa\Pesquisa - Karielly\cric_cervix\images\cric_image_281_477a31e5481902c6624a3d0407be13bf.png,C:\Users\jeanc\OneDrive\Área de Trabalho\Pesquisa\Pesquisa - Karielly\outputs_binary\crops\normal\img281_cell3183_normal.png,teste,2,0.032620545,0,normal,1
31,88e5e1814b1a2c4d30e28f8b98ba157c.png,10440,Negative for intraepithelial lesion,normal,0,30,617,C:\Users\jeanc\OneDrive\Área de Trabalho\Pesquisa\Pesquisa - Karielly\cric_cervix\images\cric_image_031_88e5e1814b1a2c4d30e28f8b98ba157c.png,C:\Users\jeanc\OneDrive\Área de Trabalho\Pesquisa\Pesquisa - Karielly\outputs_binary\crops\normal\img031_cell10440_normal.png,teste,2,0.057864826,0,normal,1
293,f195a1576fa4437e8f31f35959554eda.png,2984,Negative for intraepithelial lesion,normal,0,660,594,C:\Users\jeanc\OneDrive\Área de Trabalho\Pesquisa\Pesquisa - Karielly\cric_cervix\images\cric_image_293_f195a1576fa4437e8f31f35959554eda.png,C:\Users\jeanc\OneDrive\Área de Trabalho\Pesquisa\Pesquisa - Karielly\outputs_binary\crops\normal\img293_cell2984_normal.png,teste,2,0.78850174,1,anormal,0
141,30c400872fcaf018f0605eeff12d0f51.png,6299,Negative for intraepithelial lesion,normal,0,236,444,C:\Users\jeanc\OneDrive\Área de Trabalho\Pesquisa\Pesquisa - Karielly\cric_cervix\images\cric_image_141_30c400872fcaf018f0605eeff12d0f51.png,C:\Users\jeanc\OneDrive\Área de Trabalho\Pesquisa\Pesquisa - Karielly\outputs_binary\crops\normal\img141_cell6299_normal.png,validacao,2,0.021491766,0,normal,1
372,67f61d22243d7d51469eee3071e688cb.png,1118,Negative for intraepithelial lesion,normal,0,798,255,C:\Users\jeanc\OneDrive\Área de Trabalho\Pesquisa\Pesquisa - Karielly\cric_cervix\images\cric_image_372_67f61d22243d7d51469eee3071e688cb.png,C:\Users\jeanc\OneDrive\Área de Trabalho\Pesquisa\Pesquisa - Karielly\outputs_binary\crops\normal\img372_cell1118_normal.png,treino,2,0.11201595,0,normal,1
31,88e5e1814b1a2c4d30e28f8b98ba157c.png,10442,Negative for intraepithelial lesion,normal,0,260,40,C:\Users\jeanc\OneDrive\Área de Trabalho\Pesquisa\Pesquisa - Karielly\cric_cervix\images\cric_image_031_88e5e1814b1a2c4d30e28f8b98ba157c.png,C:\Users\jeanc\OneDrive\Área de Trabalho\Pesquisa\Pesquisa - Karielly\outputs_binary\crops\normal\img031_cell10442_normal.png,teste,2,0.02517884,0,normal,1
303,7c38ddce962298663b96ec38a7561b56.png,2842,Negative for intraepithelial lesion,normal,0,335,406,C:\Users\jeanc\OneDrive\Área de Trabalho\Pesquisa\Pesquisa - Karielly\cric_cervix\images\cric_image_303_7c38ddce962298663b96ec38a7561b56.png,C:\Users\jeanc\OneDrive\Área de Trabalho\Pesquisa\Pesquisa - Karielly\outputs_binary\crops\normal\img303_cell2842_normal.png,treino,2,0.03355782,0,normal,1
20,edc748c10f4cd73535452d54b0d7a1a6.png,10990,Negative for intraepithelial lesion,normal,0,312,915,C:\Users\jeanc\OneDrive\Área de Trabalho\Pesquisa\Pesquisa - Karielly\cric_cervix\images\cric_image_020_edc748c10f4cd73535452d54b0d7a1a6.png,C:\Users\jeanc\OneDrive\Área de Trabalho\Pesquisa\Pesquisa - Karielly\outputs_binary\crops\normal\img020_cell10990_normal.png,validacao,2,0.5519247,1,anormal,0
138,c0d57801655afd0ab48ad3f1e4b43603.png,6387,Negative for intraepithelial lesion,normal,0,66,325,C:\Users\jeanc\OneDrive\Área de Trabalho\Pesquisa\Pesquisa - Karielly\cric_cervix\images\cric_image_138_c0d57801655afd0ab48ad3f1e4b43603.png,C:\Users\jeanc\OneDrive\Área de Trabalho\Pesquisa\Pesquisa - Karielly\outputs_binary\crops\normal\img138_cell6387_normal.png,teste,2,0.016029146,0,normal,1
117,21b6561df430853f3831fd83389c109f.png,7185,Negative for intraepithelial lesion,normal,0,814,878,C:\Users\jeanc\OneDrive\Área de Trabalho\Pesquisa\Pesquisa - Karielly\cric_cervix\images\cric_image_117_21b6561df430853f3831fd83389c109f.png,C:\Users\jeanc\OneDrive\Área de Trabalho\Pesquisa\Pesquisa - Karielly\outputs_binary\crops\normal\img117_cell7185_normal.png,teste,2,0.028194217,0,normal,1
120,79bd0d0b44949450452bd745fd795a9a.png,7128,Negative for intraepithelial lesion,normal,0,954,640,C:\Users\jeanc\OneDrive\Área de Trabalho\Pesquisa\Pesquisa - Karielly\cric_cervix\images\cric_image_120_79bd0d0b44949450452bd745fd795a9a.png,C:\Users\jeanc\OneDrive\Área de Trabalho\Pesquisa\Pesquisa - Karielly\outputs_binary\crops\normal\img120_cell7128_normal.png,treino,2,0.033589505,0,normal,1
361,8fd47c55033c1488a851a6660cc24f3a.png,1471,Negative for intraepithelial lesion,normal,0,472,759,C:\Users\jeanc\OneDrive\Área de Trabalho\Pesquisa\Pesquisa - Karielly\cric_cervix\images\cric_image_361_8fd47c55033c1488a851a6660cc24f3a.png,C:\Users\jeanc\OneDrive\Área de Trabalho\Pesquisa\Pesquisa - Karielly\outputs_binary\crops\normal\img361_cell1471_normal.png,treino,2,0.23537192,0,normal,1
372,67f61d22243d7d51469eee3071e688cb.png,1129,Negative for intraepithelial lesion,normal,0,561,783,C:\Users\jeanc\OneDrive\Área de Trabalho\Pesquisa\Pesquisa - Karielly\cric_cervix\images\cric_image_372_67f61d22243d7d51469eee3071e688cb.png,C:\Users\jeanc\OneDrive\Área de Trabalho\Pesquisa\Pesquisa - Karielly\outputs_binary\crops\normal\img372_cell1129_normal.png,treino,2,0.1929192,0,normal,1
37,9e3b55d7afdc1573cc15b347d053ec07.png,10229,Negative for intraepithelial lesion,normal,0,1112,209,C:\Users\jeanc\OneDrive\Área de Trabalho\Pesquisa\Pesquisa - Karielly\cric_cervix\images\cric_image_037_9e3b55d7afdc1573cc15b347d053ec07.png,C:\Users\jeanc\OneDrive\Área de Trabalho\Pesquisa\Pesquisa - Karielly\outputs_binary\crops\normal\img037_cell10229_normal.png,treino,2,0.15393034,0,normal,1
349,0c2a10baed0650fa1f7bb87e5d83a545.png,1749,Negative for intraepithelial lesion,normal,0,1204,487,C:\Users\jeanc\OneDrive\Área de Trabalho\Pesquisa\Pesquisa - Karielly\cric_cervix\images\cric_image_349_0c2a10baed0650fa1f7bb87e5d83a545.png,C:\Users\jeanc\OneDrive\Área de Trabalho\Pesquisa\Pesquisa - Karielly\outputs_binary\crops\normal\img349_cell1749_normal.png,treino,2,0.6854759,1,anormal,0
117,21b6561df430853f3831fd83389c109f.png,7173,Negative for intraepithelial lesion,normal,0,347,796,C:\Users\jeanc\OneDrive\Área de Trabalho\Pesquisa\Pesquisa - Karielly\cric_cervix\images\cric_image_117_21b6561df430853f3831fd83389c109f.png,C:\Users\jeanc\OneDrive\Área de Trabalho\Pesquisa\Pesquisa - Karielly\outputs_binary\crops\normal\img117_cell7173_normal.png,teste,2,0.051749542,0,normal,1
121,84c4b1e0a44ff6f6ce78e04f751518ed.png,7046,Negative for intraepithelial lesion,normal,0,607,865,C:\Users\jeanc\OneDrive\Área de Trabalho\Pesquisa\Pesquisa - Karielly\cric_cervix\images\cric_image_121_84c4b1e0a44ff6f6ce78e04f751518ed.png,C:\Users\jeanc\OneDrive\Área de Trabalho\Pesquisa\Pesquisa - Karielly\outputs_binary\crops\normal\img121_cell7046_normal.png,treino,2,0.01335085,0,normal,1
18,3659bf68aeea760b319cd0710e3651fb.png,11003,Negative for intraepithelial lesion,normal,0,332,409,C:\Users\jeanc\OneDrive\Área de Trabalho\Pesquisa\Pesquisa - Karielly\cric_cervix\images\cric_image_018_3659bf68aeea760b319cd0710e3651fb.png,C:\Users\jeanc\OneDrive\Área de Trabalho\Pesquisa\Pesquisa - Karielly\outputs_binary\crops\normal\img018_cell11003_normal.png,treino,2,0.1431877,0,normal,1
28,c5a3e789e449a8123509be5fd671b6b2.png,10608,Negative for intraepithelial lesion,normal,0,104,214,C:\Users\jeanc\OneDrive\Área de Trabalho\Pesquisa\Pesquisa - Karielly\cric_cervix\images\cric_image_028_c5a3e789e449a8123509be5fd671b6b2.png,C:\Users\jeanc\OneDrive\Área de Trabalho\Pesquisa\Pesquisa - Karielly\outputs_binary\crops\normal\img028_cell10608_normal.png,treino,2,0.02774289,0,normal,1
389,bef90ce102d8ea3841e78ed81d2d03ea.png,710,Negative for intraepithelial lesion,normal,0,550,984,C:\Users\jeanc\OneDrive\Área de Trabalho\Pesquisa\Pesquisa - Karielly\cric_cervix\images\cric_image_389_bef90ce102d8ea3841e78ed81d2d03ea.png,C:\Users\jeanc\OneDrive\Área de Trabalho\Pesquisa\Pesquisa - Karielly\outputs_binary\crops\normal\img389_cell0710_normal.png,validacao,2,0.96792966,1,anormal,0
138,c0d57801655afd0ab48ad3f1e4b43603.png,6412,Negative for intraepithelial lesion,normal,0,832,776,C:\Users\jeanc\OneDrive\Área de Trabalho\Pesquisa\Pesquisa - Karielly\cric_cervix\images\cric_image_138_c0d57801655afd0ab48ad3f1e4b43603.png,C:\Users\jeanc\OneDrive\Área de Trabalho\Pesquisa\Pesquisa - Karielly\outputs_binary\crops\normal\img138_cell6412_normal.png,teste,2,0.025834186,0,normal,1
31,88e5e1814b1a2c4d30e28f8b98ba157c.png,10511,Negative for intraepithelial lesion,normal,0,716,171,C:\Users\jeanc\OneDrive\Área de Trabalho\Pesquisa\Pesquisa - Karielly\cric_cervix\images\cric_image_031_88e5e1814b1a2c4d30e28f8b98ba157c.png,C:\Users\jeanc\OneDrive\Área de Trabalho\Pesquisa\Pesquisa - Karielly\outputs_binary\crops\normal\img031_cell10511_normal.png,teste,2,0.4287266,0,normal,1
31,88e5e1814b1a2c4d30e28f8b98ba157c.png,10487,Negative for intraepithelial lesion,normal,0,948,720,C:\Users\jeanc\OneDrive\Área de Trabalho\Pesquisa\Pesquisa - Karielly\cric_cervix\images\cric_image_031_88e5e1814b1a2c4d30e28f8b98ba157c.png,C:\Users\jeanc\OneDrive\Área de Trabalho\Pesquisa\Pesquisa - Karielly\outputs_binary\crops\normal\img031_cell10487_normal.png,teste,2,0.47193807,0,normal,1
121,84c4b1e0a44ff6f6ce78e04f751518ed.png,7029,Negative for intraepithelial lesion,normal,0,367,168,C:\Users\jeanc\OneDrive\Área de Trabalho\Pesquisa\Pesquisa - Karielly\cric_cervix\images\cric_image_121_84c4b1e0a44ff6f6ce78e04f751518ed.png,C:\Users\jeanc\OneDrive\Área de Trabalho\Pesquisa\Pesquisa - Karielly\outputs_binary\crops\normal\img121_cell7029_normal.png,treino,2,0.13195427,0,normal,1
335,239fed60a9c2ffa1abce3e958b69f317.png,2236,Negative for intraepithelial lesion,normal,0,562,80,C:\Users\jeanc\OneDrive\Área de Trabalho\Pesquisa\Pesquisa - Karielly\cric_cervix\images\cric_image_335_239fed60a9c2ffa1abce3e958b69f317.png,C:\Users\jeanc\OneDrive\Área de Trabalho\Pesquisa\Pesquisa - Karielly\outputs_binary\crops\normal\img335_cell2236_normal.png,treino,2,0.05770532,0,normal,1
87,aab4785d3320a7fd40e5ec45caf36b72.png,7973,Negative for intraepithelial lesion,normal,0,549,824,C:\Users\jeanc\OneDrive\Área de Trabalho\Pesquisa\Pesquisa - Karielly\cric_cervix\images\cric_image_087_aab4785d3320a7fd40e5ec45caf36b72.png,C:\Users\jeanc\OneDrive\Área de Trabalho\Pesquisa\Pesquisa - Karielly\outputs_binary\crops\normal\img087_cell7973_normal.png,treino,2,0.13352816,0,normal,1
107,2fcce94875a4487c35970f75ad569640.png,7506,Negative for intraepithelial lesion,normal,0,655,854,C:\Users\jeanc\OneDrive\Área de Trabalho\Pesquisa\Pesquisa - Karielly\cric_cervix\images\cric_image_107_2fcce94875a4487c35970f75ad569640.png,C:\Users\jeanc\OneDrive\Área de Trabalho\Pesquisa\Pesquisa - Karielly\outputs_binary\crops\normal\img107_cell7506_normal.png,treino,2,0.0125279315,0,normal,1
349,0c2a10baed0650fa1f7bb87e5d83a545.png,1751,Negative for intraepithelial lesion,normal,0,855,899,C:\Users\jeanc\OneDrive\Área de Trabalho\Pesquisa\Pesquisa - Karielly\cric_cervix\images\cric_image_349_0c2a10baed0650fa1f7bb87e5d83a545.png,C:\Users\jeanc\OneDrive\Área de Trabalho\Pesquisa\Pesquisa - Karielly\outputs_binary\crops\normal\img349_cell1751_normal.png,treino,2,0.040464837,0,normal,1
301,272c49a7303c02c8c000fe0bc3a6dbbe.png,2873,Negative for intraepithelial lesion,normal,0,632,509,C:\Users\jeanc\OneDrive\Área de Trabalho\Pesquisa\Pesquisa - Karielly\cric_cervix\images\cric_image_301_272c49a7303c02c8c000fe0bc3a6dbbe.png,C:\Users\jeanc\OneDrive\Área de Trabalho\Pesquisa\Pesquisa - Karielly\outputs_binary\crops\normal\img301_cell2873_normal.png,treino,2,0.12226098,0,normal,1
264,094367d4b4e508075c004d2e2f08c7ef.png,3657,Negative for intraepithelial lesion,normal,0,448,725,C:\Users\jeanc\OneDrive\Área de Trabalho\Pesquisa\Pesquisa - Karielly\cric_cervix\images\cric_image_264_094367d4b4e508075c004d2e2f08c7ef.png,C:\Users\jeanc\OneDrive\Área de Trabalho\Pesquisa\Pesquisa - Karielly\outputs_binary\crops\normal\img264_cell3657_normal.png,treino,2,0.9258357,1,anormal,0
162,5633910bdb41ea5626f7b60a8ef80af0.png,5658,Negative for intraepithelial lesion,normal,0,515,405,C:\Users\jeanc\OneDrive\Área de Trabalho\Pesquisa\Pesquisa - Karielly\cric_cervix\images\cric_image_162_5633910bdb41ea5626f7b60a8ef80af0.png,C:\Users\jeanc\OneDrive\Área de Trabalho\Pesquisa\Pesquisa - Karielly\outputs_binary\crops\normal\img162_cell5658_normal.png,treino,2,0.0570714,0,normal,1
389,bef90ce102d8ea3841e78ed81d2d03ea.png,682,Negative for intraepithelial lesion,normal,0,1248,94,C:\Users\jeanc\OneDrive\Área de Trabalho\Pesquisa\Pesquisa - Karielly\cric_cervix\images\cric_image_389_bef90ce102d8ea3841e78ed81d2d03ea.png,C:\Users\jeanc\OneDrive\Área de Trabalho\Pesquisa\Pesquisa - Karielly\outputs_binary\crops\normal\img389_cell0682_normal.png,validacao,2,0.11843607,0,normal,1
137,bcebe0cdee9c892e34e20a5bf3e96a20.png,6497,Negative for intraepithelial lesion,normal,0,669,329,C:\Users\jeanc\OneDrive\Área de Trabalho\Pesquisa\Pesquisa - Karielly\cric_cervix\images\cric_image_137_bcebe0cdee9c892e34e20a5bf3e96a20.png,C:\Users\jeanc\OneDrive\Área de Trabalho\Pesquisa\Pesquisa - Karielly\outputs_binary\crops\normal\img137_cell6497_normal.png,treino,2,0.023153413,0,normal,1
225,fcc9c7e2fc1a0f4d30fa745308d15194.png,4665,Negative for intraepithelial lesion,normal,0,1029,428,C:\Users\jeanc\OneDrive\Área de Trabalho\Pesquisa\Pesquisa - Karielly\cric_cervix\images\cric_image_225_fcc9c7e2fc1a0f4d30fa745308d15194.png,C:\Users\jeanc\OneDrive\Área de Trabalho\Pesquisa\Pesquisa - Karielly\outputs_binary\crops\normal\img225_cell4665_normal.png,treino,2,0.040807478,0,normal,1
28,c5a3e789e449a8123509be5fd671b6b2.png,10646,Negative for intraepithelial lesion,normal,0,356,288,C:\Users\jeanc\OneDrive\Área de Trabalho\Pesquisa\Pesquisa - Karielly\cric_cervix\images\cric_image_028_c5a3e789e449a8123509be5fd671b6b2.png,C:\Users\jeanc\OneDrive\Área de Trabalho\Pesquisa\Pesquisa - Karielly\outputs_binary\crops\normal\img028_cell10646_normal.png,treino,2,0.13568954,0,normal,1
264,094367d4b4e508075c004d2e2f08c7ef.png,3662,Negative for intraepithelial lesion,normal,0,180,1006,C:\Users\jeanc\OneDrive\Área de Trabalho\Pesquisa\Pesquisa - Karielly\cric_cervix\images\cric_image_264_094367d4b4e508075c004d2e2f08c7ef.png,C:\Users\jeanc\OneDrive\Área de Trabalho\Pesquisa\Pesquisa - Karielly\outputs_binary\crops\normal\img264_cell3662_normal.png,treino,2,0.30777398,0,normal,1
281,477a31e5481902c6624a3d0407be13bf.png,3185,Negative for intraepithelial lesion,normal,0,1085,919,C:\Users\jeanc\OneDrive\Área de Trabalho\Pesquisa\Pesquisa - Karielly\cric_cervix\images\cric_image_281_477a31e5481902c6624a3d0407be13bf.png,C:\Users\jeanc\OneDrive\Área de Trabalho\Pesquisa\Pesquisa - Karielly\outputs_binary\crops\normal\img281_cell3185_normal.png,teste,2,0.10729708,0,normal,1
220,5b3e7408f7ab2a8bce36cfda5a1e121b.png,4775,Negative for intraepithelial lesion,normal,0,692,680,C:\Users\jeanc\OneDrive\Área de Trabalho\Pesquisa\Pesquisa - Karielly\cric_cervix\images\cric_image_220_5b3e7408f7ab2a8bce36cfda5a1e121b.png,C:\Users\jeanc\OneDrive\Área de Trabalho\Pesquisa\Pesquisa - Karielly\outputs_binary\crops\normal\img220_cell4775_normal.png,treino,2,0.17349815,0,normal,1
239,f5cad8f1a038b616cb2ce4ca46183262.png,4249,Negative for intraepithelial lesion,normal,0,490,510,C:\Users\jeanc\OneDrive\Área de Trabalho\Pesquisa\Pesquisa - Karielly\cric_cervix\images\cric_image_239_f5cad8f1a038b616cb2ce4ca46183262.png,C:\Users\jeanc\OneDrive\Área de Trabalho\Pesquisa\Pesquisa - Karielly\outputs_binary\crops\normal\img239_cell4249_normal.png,treino,2,0.069921836,0,normal,1
389,bef90ce102d8ea3841e78ed81d2d03ea.png,662,ASC-H,anormal,1,724,483,C:\Users\jeanc\OneDrive\Área de Trabalho\Pesquisa\Pesquisa - Karielly\cric_cervix\images\cric_image_389_bef90ce102d8ea3841e78ed81d2d03ea.png,C:\Users\jeanc\OneDrive\Área de Trabalho\Pesquisa\Pesquisa - Karielly\outputs_binary\crops\anormal\img389_cell0662_anormal.png,validacao,2,0.9903476,1,anormal,1
71,c02c490c04b16068d3d7b0fad37c12e6.png,8661,HSIL,anormal,1,1125,411,C:\Users\jeanc\OneDrive\Área de Trabalho\Pesquisa\Pesquisa - Karielly\cric_cervix\images\cric_image_071_c02c490c04b16068d3d7b0fad37c12e6.png,C:\Users\jeanc\OneDrive\Área de Trabalho\Pesquisa\Pesquisa - Karielly\outputs_binary\crops\anormal\img071_cell8661_anormal.png,teste,2,0.985663,1,anormal,1
348,eb88a78cefd39ef4f57be86f7d6c55b6.png,1776,LSIL,anormal,1,469,575,C:\Users\jeanc\OneDrive\Área de Trabalho\Pesquisa\Pesquisa - Karielly\cric_cervix\images\cric_image_348_eb88a78cefd39ef4f57be86f7d6c55b6.png,C:\Users\jeanc\OneDrive\Área de Trabalho\Pesquisa\Pesquisa - Karielly\outputs_binary\crops\anormal\img348_cell1776_anormal.png,treino,2,0.97029626,1,anormal,1
82,dd61f345bc7cdcbf3bb86d58eb0992b4.png,8192,ASC-H,anormal,1,221,668,C:\Users\jeanc\OneDrive\Área de Trabalho\Pesquisa\Pesquisa - Karielly\cric_cervix\images\cric_image_082_dd61f345bc7cdcbf3bb86d58eb0992b4.png,C:\Users\jeanc\OneDrive\Área de Trabalho\Pesquisa\Pesquisa - Karielly\outputs_binary\crops\anormal\img082_cell8192_anormal.png,treino,2,0.86293024,1,anormal,1
88,6335a5572eb69c87a905e2086964b929.png,7939,HSIL,anormal,1,590,745,C:\Users\jeanc\OneDrive\Área de Trabalho\Pesquisa\Pesquisa - Karielly\cric_cervix\images\cric_image_088_6335a5572eb69c87a905e2086964b929.png,C:\Users\jeanc\OneDrive\Área de Trabalho\Pesquisa\Pesquisa - Karielly\outputs_binary\crops\anormal\img088_cell7939_anormal.png,treino,2,0.98096734,1,anormal,1
348,eb88a78cefd39ef4f57be86f7d6c55b6.png,1800,LSIL,anormal,1,769,681,C:\Users\jeanc\OneDrive\Área de Trabalho\Pesquisa\Pesquisa - Karielly\cric_cervix\images\cric_image_348_eb88a78cefd39ef4f57be86f7d6c55b6.png,C:\Users\jeanc\OneDrive\Área de Trabalho\Pesquisa\Pesquisa - Karielly\outputs_binary\crops\anormal\img348_cell1800_anormal.png,treino,2,0.8123469,1,anormal,1
394,f1662645f23a20ea9806ca8c6d655fba.png,473,HSIL,anormal,1,563,692,C:\Users\jeanc\OneDrive\Área de Trabalho\Pesquisa\Pesquisa - Karielly\cric_cervix\images\cric_image_394_f1662645f23a20ea9806ca8c6d655fba.png,C:\Users\jeanc\OneDrive\Área de Trabalho\Pesquisa\Pesquisa - Karielly\outputs_binary\crops\anormal\img394_cell0473_anormal.png,treino,2,0.9884919,1,anormal,1
87,aab4785d3320a7fd40e5ec45caf36b72.png,7957,HSIL,anormal,1,440,409,C:\Users\jeanc\OneDrive\Área de Trabalho\Pesquisa\Pesquisa - Karielly\cric_cervix\images\cric_image_087_aab4785d3320a7fd40e5ec45caf36b72.png,C:\Users\jeanc\OneDrive\Área de Trabalho\Pesquisa\Pesquisa - Karielly\outputs_binary\crops\anormal\img087_cell7957_anormal.png,treino,2,0.91359943,1,anormal,1
375,78d680144e599148615a263fb6048f66.png,1063,ASC-US,anormal,1,193,742,C:\Users\jeanc\OneDrive\Área de Trabalho\Pesquisa\Pesquisa - Karielly\cric_cervix\images\cric_image_375_78d680144e599148615a263fb6048f66.png,C:\Users\jeanc\OneDrive\Área de Trabalho\Pesquisa\Pesquisa - Karielly\outputs_binary\crops\anormal\img375_cell1063_anormal.png,teste,2,0.7957375,1,anormal,1
71,c02c490c04b16068d3d7b0fad37c12e6.png,8739,HSIL,anormal,1,423,105,C:\Users\jeanc\OneDrive\Área de Trabalho\Pesquisa\Pesquisa - Karielly\cric_cervix\images\cric_image_071_c02c490c04b16068d3d7b0fad37c12e6.png,C:\Users\jeanc\OneDrive\Área de Trabalho\Pesquisa\Pesquisa - Karielly\outputs_binary\crops\anormal\img071_cell8739_anormal.png,teste,2,0.9849997,1,anormal,1
58,c7d215de538362b06b7ae3a0d70eb0e4.png,9523,ASC-H,anormal,1,470,392,C:\Users\jeanc\OneDrive\Área de Trabalho\Pesquisa\Pesquisa - Karielly\cric_cervix\images\cric_image_058_c7d215de538362b06b7ae3a0d70eb0e4.png,C:\Users\jeanc\OneDrive\Área de Trabalho\Pesquisa\Pesquisa - Karielly\outputs_binary\crops\anormal\img058_cell9523_anormal.png,validacao,2,0.97702265,1,anormal,1
78,408929e7f250196167bf4418c08fd999.png,8252,HSIL,anormal,1,920,400,C:\Users\jeanc\OneDrive\Área de Trabalho\Pesquisa\Pesquisa - Karielly\cric_cervix\images\cric_image_078_408929e7f250196167bf4418c08fd999.png,C:\Users\jeanc\OneDrive\Área de Trabalho\Pesquisa\Pesquisa - Karielly\outputs_binary\crops\anormal\img078_cell8252_anormal.png,validacao,2,0.99053264,1,anormal,1
389,bef90ce102d8ea3841e78ed81d2d03ea.png,653,ASC-H,anormal,1,698,441,C:\Users\jeanc\OneDrive\Área de Trabalho\Pesquisa\Pesquisa - Karielly\cric_cervix\images\cric_image_389_bef90ce102d8ea3841e78ed81d2d03ea.png,C:\Users\jeanc\OneDrive\Área de Trabalho\Pesquisa\Pesquisa - Karielly\outputs_binary\crops\anormal\img389_cell0653_anormal.png,validacao,2,0.9876639,1,anormal,1
71,c02c490c04b16068d3d7b0fad37c12e6.png,8730,HSIL,anormal,1,452,770,C:\Users\jeanc\OneDrive\Área de Trabalho\Pesquisa\Pesquisa - Karielly\cric_cervix\images\cric_image_071_c02c490c04b16068d3d7b0fad37c12e6.png,C:\Users\jeanc\OneDrive\Área de Trabalho\Pesquisa\Pesquisa - Karielly\outputs_binary\crops\anormal\img071_cell8730_anormal.png,teste,2,0.98942953,1,anormal,1
323,502a16718f0316c85196c0e491f37fd3.png,2432,LSIL,anormal,1,219,545,C:\Users\jeanc\OneDrive\Área de Trabalho\Pesquisa\Pesquisa - Karielly\cric_cervix\images\cric_image_323_502a16718f0316c85196c0e491f37fd3.png,C:\Users\jeanc\OneDrive\Área de Trabalho\Pesquisa\Pesquisa - Karielly\outputs_binary\crops\anormal\img323_cell2432_anormal.png,treino,2,0.94197524,1,anormal,1
389,bef90ce102d8ea3841e78ed81d2d03ea.png,668,ASC-H,anormal,1,589,504,C:\Users\jeanc\OneDrive\Área de Trabalho\Pesquisa\Pesquisa - Karielly\cric_cervix\images\cric_image_389_bef90ce102d8ea3841e78ed81d2d03ea.png,C:\Users\jeanc\OneDrive\Área de Trabalho\Pesquisa\Pesquisa - Karielly\outputs_binary\crops\anormal\img389_cell0668_anormal.png,validacao,2,0.98722816,1,anormal,1
78,408929e7f250196167bf4418c08fd999.png,8256,HSIL,anormal,1,936,473,C:\Users\jeanc\OneDrive\Área de Trabalho\Pesquisa\Pesquisa - Karielly\cric_cervix\images\cric_image_078_408929e7f250196167bf4418c08fd999.png,C:\Users\jeanc\OneDrive\Área de Trabalho\Pesquisa\Pesquisa - Karielly\outputs_binary\crops\anormal\img078_cell8256_anormal.png,validacao,2,0.99097973,1,anormal,1
71,c02c490c04b16068d3d7b0fad37c12e6.png,8693,HSIL,anormal,1,527,806,C:\Users\jeanc\OneDrive\Área de Trabalho\Pesquisa\Pesquisa - Karielly\cric_cervix\images\cric_image_071_c02c490c04b16068d3d7b0fad37c12e6.png,C:\Users\jeanc\OneDrive\Área de Trabalho\Pesquisa\Pesquisa - Karielly\outputs_binary\crops\anormal\img071_cell8693_anormal.png,teste,2,0.984767,1,anormal,1
71,c02c490c04b16068d3d7b0fad37c12e6.png,8657,HSIL,anormal,1,1247,273,C:\Users\jeanc\OneDrive\Área de Trabalho\Pesquisa\Pesquisa - Karielly\cric_cervix\images\cric_image_071_c02c490c04b16068d3d7b0fad37c12e6.png,C:\Users\jeanc\OneDrive\Área de Trabalho\Pesquisa\Pesquisa - Karielly\outputs_binary\crops\anormal\img071_cell8657_anormal.png,teste,2,0.9742149,1,anormal,1
65,e4910c7beb3eab919a7e93d4bcc04241.png,9115,ASC-H,anormal,1,528,832,C:\Users\jeanc\OneDrive\Área de Trabalho\Pesquisa\Pesquisa - Karielly\cric_cervix\images\cric_image_065_e4910c7beb3eab919a7e93d4bcc04241.png,C:\Users\jeanc\OneDrive\Área de Trabalho\Pesquisa\Pesquisa - Karielly\outputs_binary\crops\anormal\img065_cell9115_anormal.png,treino,2,0.988514,1,anormal,1
58,c7d215de538362b06b7ae3a0d70eb0e4.png,9538,ASC-H,anormal,1,584,544,C:\Users\jeanc\OneDrive\Área de Trabalho\Pesquisa\Pesquisa - Karielly\cric_cervix\images\cric_image_058_c7d215de538362b06b7ae3a0d70eb0e4.png,C:\Users\jeanc\OneDrive\Área de Trabalho\Pesquisa\Pesquisa - Karielly\outputs_binary\crops\anormal\img058_cell9538_anormal.png,validacao,2,0.98481095,1,anormal,1
89,4bdf1fe55c86e3fd82c022a744de5958.png,7908,HSIL,anormal,1,1269,813,C:\Users\jeanc\OneDrive\Área de Trabalho\Pesquisa\Pesquisa - Karielly\cric_cervix\images\cric_image_089_4bdf1fe55c86e3fd82c022a744de5958.png,C:\Users\jeanc\OneDrive\Área de Trabalho\Pesquisa\Pesquisa - Karielly\outputs_binary\crops\anormal\img089_cell7908_anormal.png,treino,2,0.9601375,1,anormal,1
219,a478295afdbbbc6ca8d08b3a435a4528.png,4786,ASC-US,anormal,1,515,584,C:\Users\jeanc\OneDrive\Área de Trabalho\Pesquisa\Pesquisa - Karielly\cric_cervix\images\cric_image_219_a478295afdbbbc6ca8d08b3a435a4528.png,C:\Users\jeanc\OneDrive\Área de Trabalho\Pesquisa\Pesquisa - Karielly\outputs_binary\crops\anormal\img219_cell4786_anormal.png,treino,2,0.9717254,1,anormal,1
348,eb88a78cefd39ef4f57be86f7d6c55b6.png,1778,LSIL,anormal,1,399,724,C:\Users\jeanc\OneDrive\Área de Trabalho\Pesquisa\Pesquisa - Karielly\cric_cervix\images\cric_image_348_eb88a78cefd39ef4f57be86f7d6c55b6.png,C:\Users\jeanc\OneDrive\Área de Trabalho\Pesquisa\Pesquisa - Karielly\outputs_binary\crops\anormal\img348_cell1778_anormal.png,treino,2,0.93546456,1,anormal,1
381,f503e5ca8eb5564129dcf3b1b78d8f6f.png,976,ASC-US,anormal,1,439,520,C:\Users\jeanc\OneDrive\Área de Trabalho\Pesquisa\Pesquisa - Karielly\cric_cervix\images\cric_image_381_f503e5ca8eb5564129dcf3b1b78d8f6f.png,C:\Users\jeanc\OneDrive\Área de Trabalho\Pesquisa\Pesquisa - Karielly\outputs_binary\crops\anormal\img381_cell0976_anormal.png,teste,2,0.9845903,1,anormal,1
58,c7d215de538362b06b7ae3a0d70eb0e4.png,9535,ASC-H,anormal,1,650,507,C:\Users\jeanc\OneDrive\Área de Trabalho\Pesquisa\Pesquisa - Karielly\cric_cervix\images\cric_image_058_c7d215de538362b06b7ae3a0d70eb0e4.png,C:\Users\jeanc\OneDrive\Área de Trabalho\Pesquisa\Pesquisa - Karielly\outputs_binary\crops\anormal\img058_cell9535_anormal.png,validacao,2,0.9783226,1,anormal,1
348,eb88a78cefd39ef4f57be86f7d6c55b6.png,1784,LSIL,anormal,1,790,990,C:\Users\jeanc\OneDrive\Área de Trabalho\Pesquisa\Pesquisa - Karielly\cric_cervix\images\cric_image_348_eb88a78cefd39ef4f57be86f7d6c55b6.png,C:\Users\jeanc\OneDrive\Área de Trabalho\Pesquisa\Pesquisa - Karielly\outputs_binary\crops\anormal\img348_cell1784_anormal.png,treino,2,0.80494314,1,anormal,1
78,408929e7f250196167bf4418c08fd999.png,8275,ASC-US,anormal,1,459,345,C:\Users\jeanc\OneDrive\Área de Trabalho\Pesquisa\Pesquisa - Karielly\cric_cervix\images\cric_image_078_408929e7f250196167bf4418c08fd999.png,C:\Users\jeanc\OneDrive\Área de Trabalho\Pesquisa\Pesquisa - Karielly\outputs_binary\crops\anormal\img078_cell8275_anormal.png,validacao,2,0.37379012,0,normal,0
348,eb88a78cefd39ef4f57be86f7d6c55b6.png,1764,LSIL,anormal,1,772,290,C:\Users\jeanc\OneDrive\Área de Trabalho\Pesquisa\Pesquisa - Karielly\cric_cervix\images\cric_image_348_eb88a78cefd39ef4f57be86f7d6c55b6.png,C:\Users\jeanc\OneDrive\Área de Trabalho\Pesquisa\Pesquisa - Karielly\outputs_binary\crops\anormal\img348_cell1764_anormal.png,treino,2,0.87310666,1,anormal,1
101,688bb88091ed6d58563888211455a559.png,7602,SCC,anormal,1,129,799,C:\Users\jeanc\OneDrive\Área de Trabalho\Pesquisa\Pesquisa - Karielly\cric_cervix\images\cric_image_101_688bb88091ed6d58563888211455a559.png,C:\Users\jeanc\OneDrive\Área de Trabalho\Pesquisa\Pesquisa - Karielly\outputs_binary\crops\anormal\img101_cell7602_anormal.png,treino,2,0.97029626,1,anormal,1
389,bef90ce102d8ea3841e78ed81d2d03ea.png,636,ASC-H,anormal,1,432,365,C:\Users\jeanc\OneDrive\Área de Trabalho\Pesquisa\Pesquisa - Karielly\cric_cervix\images\cric_image_389_bef90ce102d8ea3841e78ed81d2d03ea.png,C:\Users\jeanc\OneDrive\Área de Trabalho\Pesquisa\Pesquisa - Karielly\outputs_binary\crops\anormal\img389_cell0636_anormal.png,validacao,2,0.9871293,1,anormal,1
78,408929e7f250196167bf4418c08fd999.png,8261,HSIL,anormal,1,746,530,C:\Users\jeanc\OneDrive\Área de Trabalho\Pesquisa\Pesquisa - Karielly\cric_cervix\images\cric_image_078_408929e7f250196167bf4418c08fd999.png,C:\Users\jeanc\OneDrive\Área de Trabalho\Pesquisa\Pesquisa - Karielly\outputs_binary\crops\anormal\img078_cell8261_anormal.png,validacao,2,0.9908744,1,anormal,1
295,18379ef3f64b0efa33ee42877fdd6947.png,2930,ASC-US,anormal,1,1180,250,C:\Users\jeanc\OneDrive\Área de Trabalho\Pesquisa\Pesquisa - Karielly\cric_cervix\images\cric_image_295_18379ef3f64b0efa33ee42877fdd6947.png,C:\Users\jeanc\OneDrive\Área de Trabalho\Pesquisa\Pesquisa - Karielly\outputs_binary\crops\anormal\img295_cell2930_anormal.png,teste,2,0.8895288,1,anormal,1
87,aab4785d3320a7fd40e5ec45caf36b72.png,7981,SCC,anormal,1,1147,757,C:\Users\jeanc\OneDrive\Área de Trabalho\Pesquisa\Pesquisa - Karielly\cric_cervix\images\cric_image_087_aab4785d3320a7fd40e5ec45caf36b72.png,C:\Users\jeanc\OneDrive\Área de Trabalho\Pesquisa\Pesquisa - Karielly\outputs_binary\crops\anormal\img087_cell7981_anormal.png,treino,2,0.8795612,1,anormal,1
101,688bb88091ed6d58563888211455a559.png,7601,SCC,anormal,1,858,565,C:\Users\jeanc\OneDrive\Área de Trabalho\Pesquisa\Pesquisa - Karielly\cric_cervix\images\cric_image_101_688bb88091ed6d58563888211455a559.png,C:\Users\jeanc\OneDrive\Área de Trabalho\Pesquisa\Pesquisa - Karielly\outputs_binary\crops\anormal\img101_cell7601_anormal.png,treino,2,0.9050709,1,anormal,1
361,8fd47c55033c1488a851a6660cc24f3a.png,1448,LSIL,anormal,1,250,601,C:\Users\jeanc\OneDrive\Área de Trabalho\Pesquisa\Pesquisa - Karielly\cric_cervix\images\cric_image_361_8fd47c55033c1488a851a6660cc24f3a.png,C:\Users\jeanc\OneDrive\Área de Trabalho\Pesquisa\Pesquisa - Karielly\outputs_binary\crops\anormal\img361_cell1448_anormal.png,treino,2,0.9709919,1,anormal,1
78,408929e7f250196167bf4418c08fd999.png,8242,HSIL,anormal,1,561,526,C:\Users\jeanc\OneDrive\Área de Trabalho\Pesquisa\Pesquisa - Karielly\cric_cervix\images\cric_image_078_408929e7f250196167bf4418c08fd999.png,C:\Users\jeanc\OneDrive\Área de Trabalho\Pesquisa\Pesquisa - Karielly\outputs_binary\crops\anormal\img078_cell8242_anormal.png,validacao,2,0.9872528,1,anormal,1
58,c7d215de538362b06b7ae3a0d70eb0e4.png,9557,ASC-H,anormal,1,858,780,C:\Users\jeanc\OneDrive\Área de Trabalho\Pesquisa\Pesquisa - Karielly\cric_cervix\images\cric_image_058_c7d215de538362b06b7ae3a0d70eb0e4.png,C:\Users\jeanc\OneDrive\Área de Trabalho\Pesquisa\Pesquisa - Karielly\outputs_binary\crops\anormal\img058_cell9557_anormal.png,validacao,2,0.9870297,1,anormal,1
253,303399e0cd747a0646339f4e1f6c91a9.png,3855,ASC-US,anormal,1,623,491,C:\Users\jeanc\OneDrive\Área de Trabalho\Pesquisa\Pesquisa - Karielly\cric_cervix\images\cric_image_253_303399e0cd747a0646339f4e1f6c91a9.png,C:\Users\jeanc\OneDrive\Área de Trabalho\Pesquisa\Pesquisa - Karielly\outputs_binary\crops\anormal\img253_cell3855_anormal.png,treino,2,0.9533619,1,anormal,1
61,610487e58f3868cabe7aac6b0d327a39.png,9335,HSIL,anormal,1,417,699,C:\Users\jeanc\OneDrive\Área de Trabalho\Pesquisa\Pesquisa - Karielly\cric_cervix\images\cric_image_061_610487e58f3868cabe7aac6b0d327a39.png,C:\Users\jeanc\OneDrive\Área de Trabalho\Pesquisa\Pesquisa - Karielly\outputs_binary\crops\anormal\img061_cell9335_anormal.png,validacao,2,0.9841851,1,anormal,1
361,8fd47c55033c1488a851a6660cc24f3a.png,1427,LSIL,anormal,1,678,567,C:\Users\jeanc\OneDrive\Área de Trabalho\Pesquisa\Pesquisa - Karielly\cric_cervix\images\cric_image_361_8fd47c55033c1488a851a6660cc24f3a.png,C:\Users\jeanc\OneDrive\Área de Trabalho\Pesquisa\Pesquisa - Karielly\outputs_binary\crops\anormal\img361_cell1427_anormal.png,treino,2,0.85729086,1,anormal,1
390,1208a64963167c6b7d56a072f8b8ee1a.png,612,HSIL,anormal,1,437,347,C:\Users\jeanc\OneDrive\Área de Trabalho\Pesquisa\Pesquisa - Karielly\cric_cervix\images\cric_image_390_1208a64963167c6b7d56a072f8b8ee1a.png,C:\Users\jeanc\OneDrive\Área de Trabalho\Pesquisa\Pesquisa - Karielly\outputs_binary\crops\anormal\img390_cell0612_anormal.png,treino,2,0.98947024,1,anormal,1
221,2fd118764c0afa9a4e1ccbe9bd8210a5.png,4722,ASC-US,anormal,1,579,598,C:\Users\jeanc\OneDrive\Área de Trabalho\Pesquisa\Pesquisa - Karielly\cric_cervix\images\cric_image_221_2fd118764c0afa9a4e1ccbe9bd8210a5.png,C:\Users\jeanc\OneDrive\Área de Trabalho\Pesquisa\Pesquisa - Karielly\outputs_binary\crops\anormal\img221_cell4722_anormal.png,teste,2,0.9584989,1,anormal,1
78,408929e7f250196167bf4418c08fd999.png,8236,HSIL,anormal,1,656,682,C:\Users\jeanc\OneDrive\Área de Trabalho\Pesquisa\Pesquisa - Karielly\cric_cervix\images\cric_image_078_408929e7f250196167bf4418c08fd999.png,C:\Users\jeanc\OneDrive\Área de Trabalho\Pesquisa\Pesquisa - Karielly\outputs_binary\crops\anormal\img078_cell8236_anormal.png,validacao,2,0.99178034,1,anormal,1
65,e4910c7beb3eab919a7e93d4bcc04241.png,9079,ASC-H,anormal,1,329,735,C:\Users\jeanc\OneDrive\Área de Trabalho\Pesquisa\Pesquisa - Karielly\cric_cervix\images\cric_image_065_e4910c7beb3eab919a7e93d4bcc04241.png,C:\Users\jeanc\OneDrive\Área de Trabalho\Pesquisa\Pesquisa - Karielly\outputs_binary\crops\anormal\img065_cell9079_anormal.png,treino,2,0.9904959,1,anormal,1
87,aab4785d3320a7fd40e5ec45caf36b72.png,7954,SCC,anormal,1,539,471,C:\Users\jeanc\OneDrive\Área de Trabalho\Pesquisa\Pesquisa - Karielly\cric_cervix\images\cric_image_087_aab4785d3320a7fd40e5ec45caf36b72.png,C:\Users\jeanc\OneDrive\Área de Trabalho\Pesquisa\Pesquisa - Karielly\outputs_binary\crops\anormal\img087_cell7954_anormal.png,treino,2,0.97262347,1,anormal,1
65,e4910c7beb3eab919a7e93d4bcc04241.png,9151,ASC-H,anormal,1,1142,571,C:\Users\jeanc\OneDrive\Área de Trabalho\Pesquisa\Pesquisa - Karielly\cric_cervix\images\cric_image_065_e4910c7beb3eab919a7e93d4bcc04241.png,C:\Users\jeanc\OneDrive\Área de Trabalho\Pesquisa\Pesquisa - Karielly\outputs_binary\crops\anormal\img065_cell9151_anormal.png,treino,2,0.9649213,1,anormal,1
394,f1662645f23a20ea9806ca8c6d655fba.png,511,HSIL,anormal,1,798,335,C:\Users\jeanc\OneDrive\Área de Trabalho\Pesquisa\Pesquisa - Karielly\cric_cervix\images\cric_image_394_f1662645f23a20ea9806ca8c6d655fba.png,C:\Users\jeanc\OneDrive\Área de Trabalho\Pesquisa\Pesquisa - Karielly\outputs_binary\crops\anormal\img394_cell0511_anormal.png,treino,2,0.9540518,1,anormal,1
87,aab4785d3320a7fd40e5ec45caf36b72.png,7968,SCC,anormal,1,532,533,C:\Users\jeanc\OneDrive\Área de Trabalho\Pesquisa\Pesquisa - Karielly\cric_cervix\images\cric_image_087_aab4785d3320a7fd40e5ec45caf36b72.png,C:\Users\jeanc\OneDrive\Área de Trabalho\Pesquisa\Pesquisa - Karielly\outputs_binary\crops\anormal\img087_cell7968_anormal.png,treino,2,0.9814889,1,anormal,1
231,dd245e5ad1da4d1d4b86786d2470d145.png,4491,ASC-US,anormal,1,778,605,C:\Users\jeanc\OneDrive\Área de Trabalho\Pesquisa\Pesquisa - Karielly\cric_cervix\images\cric_image_231_dd245e5ad1da4d1d4b86786d2470d145.png,C:\Users\jeanc\OneDrive\Área de Trabalho\Pesquisa\Pesquisa - Karielly\outputs_binary\crops\anormal\img231_cell4491_anormal.png,treino,2,0.90371984,1,anormal,1
189,03f5d5ec88161b9365bea549d7ce92cd.png,5264,LSIL,anormal,1,170,285,C:\Users\jeanc\OneDrive\Área de Trabalho\Pesquisa\Pesquisa - Karielly\cric_cervix\images\cric_image_189_03f5d5ec88161b9365bea549d7ce92cd.png,C:\Users\jeanc\OneDrive\Área de Trabalho\Pesquisa\Pesquisa - Karielly\outputs_binary\crops\anormal\img189_cell5264_anormal.png,treino,2,0.8984996,1,anormal,1
389,bef90ce102d8ea3841e78ed81d2d03ea.png,675,ASC-H,anormal,1,434,454,C:\Users\jeanc\OneDrive\Área de Trabalho\Pesquisa\Pesquisa - Karielly\cric_cervix\images\cric_image_389_bef90ce102d8ea3841e78ed81d2d03ea.png,C:\Users\jeanc\OneDrive\Área de Trabalho\Pesquisa\Pesquisa - Karielly\outputs_binary\crops\anormal\img389_cell0675_anormal.png,validacao,2,0.9842306,1,anormal,1
58,c7d215de538362b06b7ae3a0d70eb0e4.png,9565,ASC-H,anormal,1,828,885,C:\Users\jeanc\OneDrive\Área de Trabalho\Pesquisa\Pesquisa - Karielly\cric_cervix\images\cric_image_058_c7d215de538362b06b7ae3a0d70eb0e4.png,C:\Users\jeanc\OneDrive\Área de Trabalho\Pesquisa\Pesquisa - Karielly\outputs_binary\crops\anormal\img058_cell9565_anormal.png,validacao,2,0.9894499,1,anormal,1
308,aee74e3c1bcd82561303ee974d31c08f.png,2753,ASC-US,anormal,1,660,752,C:\Users\jeanc\OneDrive\Área de Trabalho\Pesquisa\Pesquisa - Karielly\cric_cervix\images\cric_image_308_aee74e3c1bcd82561303ee974d31c08f.png,C:\Users\jeanc\OneDrive\Área de Trabalho\Pesquisa\Pesquisa - Karielly\outputs_binary\crops\anormal\img308_cell2753_anormal.png,treino,2,0.18440005,0,normal,0
372,67f61d22243d7d51469eee3071e688cb.png,1114,ASC-US,anormal,1,550,202,C:\Users\jeanc\OneDrive\Área de Trabalho\Pesquisa\Pesquisa - Karielly\cric_cervix\images\cric_image_372_67f61d22243d7d51469eee3071e688cb.png,C:\Users\jeanc\OneDrive\Área de Trabalho\Pesquisa\Pesquisa - Karielly\outputs_binary\crops\anormal\img372_cell1114_anormal.png,treino,2,0.5922539,1,anormal,1
361,8fd47c55033c1488a851a6660cc24f3a.png,1420,LSIL,anormal,1,830,645,C:\Users\jeanc\OneDrive\Área de Trabalho\Pesquisa\Pesquisa - Karielly\cric_cervix\images\cric_image_361_8fd47c55033c1488a851a6660cc24f3a.png,C:\Users\jeanc\OneDrive\Área de Trabalho\Pesquisa\Pesquisa - Karielly\outputs_binary\crops\anormal\img361_cell1420_anormal.png,treino,2,0.93749756,1,anormal,1
394,f1662645f23a20ea9806ca8c6d655fba.png,465,HSIL,anormal,1,475,377,C:\Users\jeanc\OneDrive\Área de Trabalho\Pesquisa\Pesquisa - Karielly\cric_cervix\images\cric_image_394_f1662645f23a20ea9806ca8c6d655fba.png,C:\Users\jeanc\OneDrive\Área de Trabalho\Pesquisa\Pesquisa - Karielly\outputs_binary\crops\anormal\img394_cell0465_anormal.png,treino,2,0.9881765,1,anormal,1
361,8fd47c55033c1488a851a6660cc24f3a.png,1418,LSIL,anormal,1,832,706,C:\Users\jeanc\OneDrive\Área de Trabalho\Pesquisa\Pesquisa - Karielly\cric_cervix\images\cric_image_361_8fd47c55033c1488a851a6660cc24f3a.png,C:\Users\jeanc\OneDrive\Área de Trabalho\Pesquisa\Pesquisa - Karielly\outputs_binary\crops\anormal\img361_cell1418_anormal.png,treino,2,0.9581087,1,anormal,1
65,e4910c7beb3eab919a7e93d4bcc04241.png,9147,ASC-H,anormal,1,1175,715,C:\Users\jeanc\OneDrive\Área de Trabalho\Pesquisa\Pesquisa - Karielly\cric_cervix\images\cric_image_065_e4910c7beb3eab919a7e93d4bcc04241.png,C:\Users\jeanc\OneDrive\Área de Trabalho\Pesquisa\Pesquisa - Karielly\outputs_binary\crops\anormal\img065_cell9147_anormal.png,treino,2,0.99040353,1,anormal,1
58,c7d215de538362b06b7ae3a0d70eb0e4.png,9529,ASC-H,anormal,1,505,524,C:\Users\jeanc\OneDrive\Área de Trabalho\Pesquisa\Pesquisa - Karielly\cric_cervix\images\cric_image_058_c7d215de538362b06b7ae3a0d70eb0e4.png,C:\Users\jeanc\OneDrive\Área de Trabalho\Pesquisa\Pesquisa - Karielly\outputs_binary\crops\anormal\img058_cell9529_anormal.png,validacao,2,0.982591,1,anormal,1
35,bf7767fb55e9b4e77ea458f825f06e65.png,10320,Negative for intraepithelial lesion,normal,0,989,300,C:\Users\jeanc\OneDrive\Área de Trabalho\Pesquisa\Pesquisa - Karielly\cric_cervix\images\cric_image_035_bf7767fb55e9b4e77ea458f825f06e65.png,C:\Users\jeanc\OneDrive\Área de Trabalho\Pesquisa\Pesquisa - Karielly\outputs_binary\crops\normal\img035_cell10320_normal.png,treino,3,0.07349652,0,normal,1
208,9c42ed347e00dc159b9fb767b52de139.png,4966,Negative for intraepithelial lesion,normal,0,745,389,C:\Users\jeanc\OneDrive\Área de Trabalho\Pesquisa\Pesquisa - Karielly\cric_cervix\images\cric_image_208_9c42ed347e00dc159b9fb767b52de139.png,C:\Users\jeanc\OneDrive\Área de Trabalho\Pesquisa\Pesquisa - Karielly\outputs_binary\crops\normal\img208_cell4966_normal.png,treino,3,0.07382971,0,normal,1
140,ae9ad0a0e62cb046468591ce92237bfc.png,6329,Negative for intraepithelial lesion,normal,0,456,60,C:\Users\jeanc\OneDrive\Área de Trabalho\Pesquisa\Pesquisa - Karielly\cric_cervix\images\cric_image_140_ae9ad0a0e62cb046468591ce92237bfc.png,C:\Users\jeanc\OneDrive\Área de Trabalho\Pesquisa\Pesquisa - Karielly\outputs_binary\crops\normal\img140_cell6329_normal.png,treino,3,0.02317551,0,normal,1
7,df075c7d02cc7729bd04b5996a3e8991.png,11385,Negative for intraepithelial lesion,normal,0,722,390,C:\Users\jeanc\OneDrive\Área de Trabalho\Pesquisa\Pesquisa - Karielly\cric_cervix\images\cric_image_007_df075c7d02cc7729bd04b5996a3e8991.png,C:\Users\jeanc\OneDrive\Área de Trabalho\Pesquisa\Pesquisa - Karielly\outputs_binary\crops\normal\img007_cell11385_normal.png,treino,3,0.97272736,1,anormal,0
199,5ebaeeae59a5bc5ca0d79d99cb4dcac1.png,5072,Negative for intraepithelial lesion,normal,0,988,320,C:\Users\jeanc\OneDrive\Área de Trabalho\Pesquisa\Pesquisa - Karielly\cric_cervix\images\cric_image_199_5ebaeeae59a5bc5ca0d79d99cb4dcac1.png,C:\Users\jeanc\OneDrive\Área de Trabalho\Pesquisa\Pesquisa - Karielly\outputs_binary\crops\normal\img199_cell5072_normal.png,treino,3,0.026886744,0,normal,1
112,6bcb86179547a5f44a5622293f15d283.png,7378,Negative for intraepithelial lesion,normal,0,329,526,C:\Users\jeanc\OneDrive\Área de Trabalho\Pesquisa\Pesquisa - Karielly\cric_cervix\images\cric_image_112_6bcb86179547a5f44a5622293f15d283.png,C:\Users\jeanc\OneDrive\Área de Trabalho\Pesquisa\Pesquisa - Karielly\outputs_binary\crops\normal\img112_cell7378_normal.png,treino,3,0.04300264,0,normal,1
235,38b630ac8a1f02f6a466824f6babaf0e.png,4367,Negative for intraepithelial lesion,normal,0,161,652,C:\Users\jeanc\OneDrive\Área de Trabalho\Pesquisa\Pesquisa - Karielly\cric_cervix\images\cric_image_235_38b630ac8a1f02f6a466824f6babaf0e.png,C:\Users\jeanc\OneDrive\Área de Trabalho\Pesquisa\Pesquisa - Karielly\outputs_binary\crops\normal\img235_cell4367_normal.png,treino,3,0.026081098,0,normal,1
165,7c09a4a52e0cb6ffc6a10044dd321123.png,5647,Negative for intraepithelial lesion,normal,0,1019,832,C:\Users\jeanc\OneDrive\Área de Trabalho\Pesquisa\Pesquisa - Karielly\cric_cervix\images\cric_image_165_7c09a4a52e0cb6ffc6a10044dd321123.png,C:\Users\jeanc\OneDrive\Área de Trabalho\Pesquisa\Pesquisa - Karielly\outputs_binary\crops\normal\img165_cell5647_normal.png,treino,3,0.028436033,0,normal,1
235,38b630ac8a1f02f6a466824f6babaf0e.png,4360,Negative for intraepithelial lesion,normal,0,926,424,C:\Users\jeanc\OneDrive\Área de Trabalho\Pesquisa\Pesquisa - Karielly\cric_cervix\images\cric_image_235_38b630ac8a1f02f6a466824f6babaf0e.png,C:\Users\jeanc\OneDrive\Área de Trabalho\Pesquisa\Pesquisa - Karielly\outputs_binary\crops\normal\img235_cell4360_normal.png,treino,3,0.03711691,0,normal,1
35,bf7767fb55e9b4e77ea458f825f06e65.png,10312,Negative for intraepithelial lesion,normal,0,1168,445,C:\Users\jeanc\OneDrive\Área de Trabalho\Pesquisa\Pesquisa - Karielly\cric_cervix\images\cric_image_035_bf7767fb55e9b4e77ea458f825f06e65.png,C:\Users\jeanc\OneDrive\Área de Trabalho\Pesquisa\Pesquisa - Karielly\outputs_binary\crops\normal\img035_cell10312_normal.png,treino,3,0.026355354,0,normal,1
235,38b630ac8a1f02f6a466824f6babaf0e.png,4396,Negative for intraepithelial lesion,normal,0,1267,585,C:\Users\jeanc\OneDrive\Área de Trabalho\Pesquisa\Pesquisa - Karielly\cric_cervix\images\cric_image_235_38b630ac8a1f02f6a466824f6babaf0e.png,C:\Users\jeanc\OneDrive\Área de Trabalho\Pesquisa\Pesquisa - Karielly\outputs_binary\crops\normal\img235_cell4396_normal.png,treino,3,0.041578867,0,normal,1
201,a9ceb5e547fed2f7d052cdc794cb1330.png,5051,Negative for intraepithelial lesion,normal,0,530,826,C:\Users\jeanc\OneDrive\Área de Trabalho\Pesquisa\Pesquisa - Karielly\cric_cervix\images\cric_image_201_a9ceb5e547fed2f7d052cdc794cb1330.png,C:\Users\jeanc\OneDrive\Área de Trabalho\Pesquisa\Pesquisa - Karielly\outputs_binary\crops\normal\img201_cell5051_normal.png,treino,3,0.021574067,0,normal,1
173,4bae321eaa4fedb2a75bf5c53b14b4f4.png,5533,Negative for intraepithelial lesion,normal,0,844,472,C:\Users\jeanc\OneDrive\Área de Trabalho\Pesquisa\Pesquisa - Karielly\cric_cervix\images\cric_image_173_4bae321eaa4fedb2a75bf5c53b14b4f4.png,C:\Users\jeanc\OneDrive\Área de Trabalho\Pesquisa\Pesquisa - Karielly\outputs_binary\crops\normal\img173_cell5533_normal.png,teste,3,0.09396861,0,normal,1
38,466a61aa31579a2ffb3c561f5a5d37d0.png,10268,Negative for intraepithelial lesion,normal,0,708,491,C:\Users\jeanc\OneDrive\Área de Trabalho\Pesquisa\Pesquisa - Karielly\cric_cervix\images\cric_image_038_466a61aa31579a2ffb3c561f5a5d37d0.png,C:\Users\jeanc\OneDrive\Área de Trabalho\Pesquisa\Pesquisa - Karielly\outputs_binary\crops\normal\img038_cell10268_normal.png,treino,3,0.08232769,0,normal,1
328,4372f7114534a5e0b688673c15a43fa9.png,2374,Negative for intraepithelial lesion,normal,0,838,487,C:\Users\jeanc\OneDrive\Área de Trabalho\Pesquisa\Pesquisa - Karielly\cric_cervix\images\cric_image_328_4372f7114534a5e0b688673c15a43fa9.png,C:\Users\jeanc\OneDrive\Área de Trabalho\Pesquisa\Pesquisa - Karielly\outputs_binary\crops\normal\img328_cell2374_normal.png,treino,3,0.024007749,0,normal,1
309,d72288404d45ed33074fcfb77d099f2f.png,2720,Negative for intraepithelial lesion,normal,0,498,309,C:\Users\jeanc\OneDrive\Área de Trabalho\Pesquisa\Pesquisa - Karielly\cric_cervix\images\cric_image_309_d72288404d45ed33074fcfb77d099f2f.png,C:\Users\jeanc\OneDrive\Área de Trabalho\Pesquisa\Pesquisa - Karielly\outputs_binary\crops\normal\img309_cell2720_normal.png,treino,3,0.034197055,0,normal,1
140,ae9ad0a0e62cb046468591ce92237bfc.png,6335,Negative for intraepithelial lesion,normal,0,583,292,C:\Users\jeanc\OneDrive\Área de Trabalho\Pesquisa\Pesquisa - Karielly\cric_cervix\images\cric_image_140_ae9ad0a0e62cb046468591ce92237bfc.png,C:\Users\jeanc\OneDrive\Área de Trabalho\Pesquisa\Pesquisa - Karielly\outputs_binary\crops\normal\img140_cell6335_normal.png,treino,3,0.019289603,0,normal,1
13,ac1ed15ddc7fb3d7e6a9c7521eeebe78.png,11187,Negative for intraepithelial lesion,normal,0,848,675,C:\Users\jeanc\OneDrive\Área de Trabalho\Pesquisa\Pesquisa - Karielly\cric_cervix\images\cric_image_013_ac1ed15ddc7fb3d7e6a9c7521eeebe78.png,C:\Users\jeanc\OneDrive\Área de Trabalho\Pesquisa\Pesquisa - Karielly\outputs_binary\crops\normal\img013_cell11187_normal.png,treino,3,0.2012632,0,normal,1
396,ba9d94a8fdbaba01220db89cde170b24.png,320,Negative for intraepithelial lesion,normal,0,1029,470,C:\Users\jeanc\OneDrive\Área de Trabalho\Pesquisa\Pesquisa - Karielly\cric_cervix\images\cric_image_396_ba9d94a8fdbaba01220db89cde170b24.png,C:\Users\jeanc\OneDrive\Área de Trabalho\Pesquisa\Pesquisa - Karielly\outputs_binary\crops\normal\img396_cell0320_normal.png,teste,3,0.2649285,0,normal,1
205,33915ae53ce2cffb30485ad683a8c64e.png,5024,Negative for intraepithelial lesion,normal,0,1055,82,C:\Users\jeanc\OneDrive\Área de Trabalho\Pesquisa\Pesquisa - Karielly\cric_cervix\images\cric_image_205_33915ae53ce2cffb30485ad683a8c64e.png,C:\Users\jeanc\OneDrive\Área de Trabalho\Pesquisa\Pesquisa - Karielly\outputs_binary\crops\normal\img205_cell5024_normal.png,treino,3,0.05242457,0,normal,1
392,ac20a24b37b7e87dcc375e6b7420d40e.png,547,Negative for intraepithelial lesion,normal,0,899,370,C:\Users\jeanc\OneDrive\Área de Trabalho\Pesquisa\Pesquisa - Karielly\cric_cervix\images\cric_image_392_ac20a24b37b7e87dcc375e6b7420d40e.png,C:\Users\jeanc\OneDrive\Área de Trabalho\Pesquisa\Pesquisa - Karielly\outputs_binary\crops\normal\img392_cell0547_normal.png,validacao,3,0.039453376,0,normal,1
265,02c6113a42960d9617990a3b291cf65d.png,3615,Negative for intraepithelial lesion,normal,0,818,284,C:\Users\jeanc\OneDrive\Área de Trabalho\Pesquisa\Pesquisa - Karielly\cric_cervix\images\cric_image_265_02c6113a42960d9617990a3b291cf65d.png,C:\Users\jeanc\OneDrive\Área de Trabalho\Pesquisa\Pesquisa - Karielly\outputs_binary\crops\normal\img265_cell3615_normal.png,treino,3,0.054098696,0,normal,1
140,ae9ad0a0e62cb046468591ce92237bfc.png,6371,Negative for intraepithelial lesion,normal,0,920,988,C:\Users\jeanc\OneDrive\Área de Trabalho\Pesquisa\Pesquisa - Karielly\cric_cervix\images\cric_image_140_ae9ad0a0e62cb046468591ce92237bfc.png,C:\Users\jeanc\OneDrive\Área de Trabalho\Pesquisa\Pesquisa - Karielly\outputs_binary\crops\normal\img140_cell6371_normal.png,treino,3,0.017492766,0,normal,1
155,37264b18b1096a6515b8ce006c6568ee.png,5785,Negative for intraepithelial lesion,normal,0,1090,120,C:\Users\jeanc\OneDrive\Área de Trabalho\Pesquisa\Pesquisa - Karielly\cric_cervix\images\cric_image_155_37264b18b1096a6515b8ce006c6568ee.png,C:\Users\jeanc\OneDrive\Área de Trabalho\Pesquisa\Pesquisa - Karielly\outputs_binary\crops\normal\img155_cell5785_normal.png,treino,3,0.02041031,0,normal,1
378,b7c9bdb02733f1e3d77ac191115c15f7.png,1037,Negative for intraepithelial lesion,normal,0,1098,985,C:\Users\jeanc\OneDrive\Área de Trabalho\Pesquisa\Pesquisa - Karielly\cric_cervix\images\cric_image_378_b7c9bdb02733f1e3d77ac191115c15f7.png,C:\Users\jeanc\OneDrive\Área de Trabalho\Pesquisa\Pesquisa - Karielly\outputs_binary\crops\normal\img378_cell1037_normal.png,treino,3,0.03289904,0,normal,1
327,491840cea6a38ba8af9779a0ec319f4e.png,2398,Negative for intraepithelial lesion,normal,0,963,373,C:\Users\jeanc\OneDrive\Área de Trabalho\Pesquisa\Pesquisa - Karielly\cric_cervix\images\cric_image_327_491840cea6a38ba8af9779a0ec319f4e.png,C:\Users\jeanc\OneDrive\Área de Trabalho\Pesquisa\Pesquisa - Karielly\outputs_binary\crops\normal\img327_cell2398_normal.png,treino,3,0.042364188,0,normal,1
112,6bcb86179547a5f44a5622293f15d283.png,7365,Negative for intraepithelial lesion,normal,0,327,750,C:\Users\jeanc\OneDrive\Área de Trabalho\Pesquisa\Pesquisa - Karielly\cric_cervix\images\cric_image_112_6bcb86179547a5f44a5622293f15d283.png,C:\Users\jeanc\OneDrive\Área de Trabalho\Pesquisa\Pesquisa - Karielly\outputs_binary\crops\normal\img112_cell7365_normal.png,treino,3,0.027585285,0,normal,1
129,b8f6374bc7c780a8b4fd99498b05afbb.png,6755,Negative for intraepithelial lesion,normal,0,854,693,C:\Users\jeanc\OneDrive\Área de Trabalho\Pesquisa\Pesquisa - Karielly\cric_cervix\images\cric_image_129_b8f6374bc7c780a8b4fd99498b05afbb.png,C:\Users\jeanc\OneDrive\Área de Trabalho\Pesquisa\Pesquisa - Karielly\outputs_binary\crops\normal\img129_cell6755_normal.png,treino,3,0.017409043,0,normal,1
129,b8f6374bc7c780a8b4fd99498b05afbb.png,6732,Negative for intraepithelial lesion,normal,0,255,384,C:\Users\jeanc\OneDrive\Área de Trabalho\Pesquisa\Pesquisa - Karielly\cric_cervix\images\cric_image_129_b8f6374bc7c780a8b4fd99498b05afbb.png,C:\Users\jeanc\OneDrive\Área de Trabalho\Pesquisa\Pesquisa - Karielly\outputs_binary\crops\normal\img129_cell6732_normal.png,treino,3,0.01798621,0,normal,1
226,199ea9d75d6266bcc1be87995de6a70a.png,4635,Negative for intraepithelial lesion,normal,0,785,396,C:\Users\jeanc\OneDrive\Área de Trabalho\Pesquisa\Pesquisa - Karielly\cric_cervix\images\cric_image_226_199ea9d75d6266bcc1be87995de6a70a.png,C:\Users\jeanc\OneDrive\Área de Trabalho\Pesquisa\Pesquisa - Karielly\outputs_binary\crops\normal\img226_cell4635_normal.png,teste,3,0.026130758,0,normal,1
173,4bae321eaa4fedb2a75bf5c53b14b4f4.png,5496,Negative for intraepithelial lesion,normal,0,1115,372,C:\Users\jeanc\OneDrive\Área de Trabalho\Pesquisa\Pesquisa - Karielly\cric_cervix\images\cric_image_173_4bae321eaa4fedb2a75bf5c53b14b4f4.png,C:\Users\jeanc\OneDrive\Área de Trabalho\Pesquisa\Pesquisa - Karielly\outputs_binary\crops\normal\img173_cell5496_normal.png,teste,3,0.030908957,0,normal,1
205,33915ae53ce2cffb30485ad683a8c64e.png,5023,Negative for intraepithelial lesion,normal,0,978,142,C:\Users\jeanc\OneDrive\Área de Trabalho\Pesquisa\Pesquisa - Karielly\cric_cervix\images\cric_image_205_33915ae53ce2cffb30485ad683a8c64e.png,C:\Users\jeanc\OneDrive\Área de Trabalho\Pesquisa\Pesquisa - Karielly\outputs_binary\crops\normal\img205_cell5023_normal.png,treino,3,0.039268754,0,normal,1
236,221e5472253d8a712be2eb84079a6a72.png,4296,Negative for intraepithelial lesion,normal,0,237,253,C:\Users\jeanc\OneDrive\Área de Trabalho\Pesquisa\Pesquisa - Karielly\cric_cervix\images\cric_image_236_221e5472253d8a712be2eb84079a6a72.png,C:\Users\jeanc\OneDrive\Área de Trabalho\Pesquisa\Pesquisa - Karielly\outputs_binary\crops\normal\img236_cell4296_normal.png,treino,3,0.03007184,0,normal,1
396,ba9d94a8fdbaba01220db89cde170b24.png,227,Negative for intraepithelial lesion,normal,0,182,821,C:\Users\jeanc\OneDrive\Área de Trabalho\Pesquisa\Pesquisa - Karielly\cric_cervix\images\cric_image_396_ba9d94a8fdbaba01220db89cde170b24.png,C:\Users\jeanc\OneDrive\Área de Trabalho\Pesquisa\Pesquisa - Karielly\outputs_binary\crops\normal\img396_cell0227_normal.png,teste,3,0.044847906,0,normal,1
155,37264b18b1096a6515b8ce006c6568ee.png,5819,Negative for intraepithelial lesion,normal,0,804,612,C:\Users\jeanc\OneDrive\Área de Trabalho\Pesquisa\Pesquisa - Karielly\cric_cervix\images\cric_image_155_37264b18b1096a6515b8ce006c6568ee.png,C:\Users\jeanc\OneDrive\Área de Trabalho\Pesquisa\Pesquisa - Karielly\outputs_binary\crops\normal\img155_cell5819_normal.png,treino,3,0.025298966,0,normal,1
236,221e5472253d8a712be2eb84079a6a72.png,4344,Negative for intraepithelial lesion,normal,0,203,44,C:\Users\jeanc\OneDrive\Área de Trabalho\Pesquisa\Pesquisa - Karielly\cric_cervix\images\cric_image_236_221e5472253d8a712be2eb84079a6a72.png,C:\Users\jeanc\OneDrive\Área de Trabalho\Pesquisa\Pesquisa - Karielly\outputs_binary\crops\normal\img236_cell4344_normal.png,treino,3,0.03030055,0,normal,1
140,ae9ad0a0e62cb046468591ce92237bfc.png,6333,Negative for intraepithelial lesion,normal,0,445,221,C:\Users\jeanc\OneDrive\Área de Trabalho\Pesquisa\Pesquisa - Karielly\cric_cervix\images\cric_image_140_ae9ad0a0e62cb046468591ce92237bfc.png,C:\Users\jeanc\OneDrive\Área de Trabalho\Pesquisa\Pesquisa - Karielly\outputs_binary\crops\normal\img140_cell6333_normal.png,treino,3,0.020744892,0,normal,1
202,3f273237f9068624e14886afde134e09.png,5041,Negative for intraepithelial lesion,normal,0,313,302,C:\Users\jeanc\OneDrive\Área de Trabalho\Pesquisa\Pesquisa - Karielly\cric_cervix\images\cric_image_202_3f273237f9068624e14886afde134e09.png,C:\Users\jeanc\OneDrive\Área de Trabalho\Pesquisa\Pesquisa - Karielly\outputs_binary\crops\normal\img202_cell5041_normal.png,treino,3,0.08686416,0,normal,1
236,221e5472253d8a712be2eb84079a6a72.png,4310,Negative for intraepithelial lesion,normal,0,545,308,C:\Users\jeanc\OneDrive\Área de Trabalho\Pesquisa\Pesquisa - Karielly\cric_cervix\images\cric_image_236_221e5472253d8a712be2eb84079a6a72.png,C:\Users\jeanc\OneDrive\Área de Trabalho\Pesquisa\Pesquisa - Karielly\outputs_binary\crops\normal\img236_cell4310_normal.png,treino,3,0.038466193,0,normal,1
163,1c900ddde4d55e63c0d06c4854b29f89.png,5626,Negative for intraepithelial lesion,normal,0,367,979,C:\Users\jeanc\OneDrive\Área de Trabalho\Pesquisa\Pesquisa - Karielly\cric_cervix\images\cric_image_163_1c900ddde4d55e63c0d06c4854b29f89.png,C:\Users\jeanc\OneDrive\Área de Trabalho\Pesquisa\Pesquisa - Karielly\outputs_binary\crops\normal\img163_cell5626_normal.png,treino,3,0.22781274,0,normal,1
363,c1647f9466f402dee1065a2466c11047.png,1351,Negative for intraepithelial lesion,normal,0,813,546,C:\Users\jeanc\OneDrive\Área de Trabalho\Pesquisa\Pesquisa - Karielly\cric_cervix\images\cric_image_363_c1647f9466f402dee1065a2466c11047.png,C:\Users\jeanc\OneDrive\Área de Trabalho\Pesquisa\Pesquisa - Karielly\outputs_binary\crops\normal\img363_cell1351_normal.png,treino,3,0.07606381,0,normal,1
139,f015142693fefeb45ad5202b66404293.png,6432,Negative for intraepithelial lesion,normal,0,876,665,C:\Users\jeanc\OneDrive\Área de Trabalho\Pesquisa\Pesquisa - Karielly\cric_cervix\images\cric_image_139_f015142693fefeb45ad5202b66404293.png,C:\Users\jeanc\OneDrive\Área de Trabalho\Pesquisa\Pesquisa - Karielly\outputs_binary\crops\normal\img139_cell6432_normal.png,treino,3,0.022011232,0,normal,1
312,e195831951b7e556d3ca5f497ad4bc9c.png,2586,Negative for intraepithelial lesion,normal,0,197,539,C:\Users\jeanc\OneDrive\Área de Trabalho\Pesquisa\Pesquisa - Karielly\cric_cervix\images\cric_image_312_e195831951b7e556d3ca5f497ad4bc9c.png,C:\Users\jeanc\OneDrive\Área de Trabalho\Pesquisa\Pesquisa - Karielly\outputs_binary\crops\normal\img312_cell2586_normal.png,treino,3,0.13933781,0,normal,1
51,1a7a2ec67cefb1f11748edd2573291a8.png,9859,Negative for intraepithelial lesion,normal,0,1110,325,C:\Users\jeanc\OneDrive\Área de Trabalho\Pesquisa\Pesquisa - Karielly\cric_cervix\images\cric_image_051_1a7a2ec67cefb1f11748edd2573291a8.png,C:\Users\jeanc\OneDrive\Área de Trabalho\Pesquisa\Pesquisa - Karielly\outputs_binary\crops\normal\img051_cell9859_normal.png,treino,3,0.19590156,0,normal,1
340,987a233d03cd94cd14e42ac9a2a5ab62.png,1936,Negative for intraepithelial lesion,normal,0,467,513,C:\Users\jeanc\OneDrive\Área de Trabalho\Pesquisa\Pesquisa - Karielly\cric_cervix\images\cric_image_340_987a233d03cd94cd14e42ac9a2a5ab62.png,C:\Users\jeanc\OneDrive\Área de Trabalho\Pesquisa\Pesquisa - Karielly\outputs_binary\crops\normal\img340_cell1936_normal.png,treino,3,0.21052274,0,normal,1
328,4372f7114534a5e0b688673c15a43fa9.png,2389,Negative for intraepithelial lesion,normal,0,10,477,C:\Users\jeanc\OneDrive\Área de Trabalho\Pesquisa\Pesquisa - Karielly\cric_cervix\images\cric_image_328_4372f7114534a5e0b688673c15a43fa9.png,C:\Users\jeanc\OneDrive\Área de Trabalho\Pesquisa\Pesquisa - Karielly\outputs_binary\crops\normal\img328_cell2389_normal.png,treino,3,0.045310315,0,normal,1
208,9c42ed347e00dc159b9fb767b52de139.png,4979,Negative for intraepithelial lesion,normal,0,403,628,C:\Users\jeanc\OneDrive\Área de Trabalho\Pesquisa\Pesquisa - Karielly\cric_cervix\images\cric_image_208_9c42ed347e00dc159b9fb767b52de139.png,C:\Users\jeanc\OneDrive\Área de Trabalho\Pesquisa\Pesquisa - Karielly\outputs_binary\crops\normal\img208_cell4979_normal.png,treino,3,0.075721376,0,normal,1
199,5ebaeeae59a5bc5ca0d79d99cb4dcac1.png,5083,Negative for intraepithelial lesion,normal,0,274,724,C:\Users\jeanc\OneDrive\Área de Trabalho\Pesquisa\Pesquisa - Karielly\cric_cervix\images\cric_image_199_5ebaeeae59a5bc5ca0d79d99cb4dcac1.png,C:\Users\jeanc\OneDrive\Área de Trabalho\Pesquisa\Pesquisa - Karielly\outputs_binary\crops\normal\img199_cell5083_normal.png,treino,3,0.043895524,0,normal,1
35,bf7767fb55e9b4e77ea458f825f06e65.png,10333,Negative for intraepithelial lesion,normal,0,483,685,C:\Users\jeanc\OneDrive\Área de Trabalho\Pesquisa\Pesquisa - Karielly\cric_cervix\images\cric_image_035_bf7767fb55e9b4e77ea458f825f06e65.png,C:\Users\jeanc\OneDrive\Área de Trabalho\Pesquisa\Pesquisa - Karielly\outputs_binary\crops\normal\img035_cell10333_normal.png,treino,3,0.4702044,0,normal,1
38,466a61aa31579a2ffb3c561f5a5d37d0.png,10289,Negative for intraepithelial lesion,normal,0,565,509,C:\Users\jeanc\OneDrive\Área de Trabalho\Pesquisa\Pesquisa - Karielly\cric_cervix\images\cric_image_038_466a61aa31579a2ffb3c561f5a5d37d0.png,C:\Users\jeanc\OneDrive\Área de Trabalho\Pesquisa\Pesquisa - Karielly\outputs_binary\crops\normal\img038_cell10289_normal.png,treino,3,0.050611433,0,normal,1
217,5a65081dd9202379699a7518fd51a9a5.png,4809,Negative for intraepithelial lesion,normal,0,242,745,C:\Users\jeanc\OneDrive\Área de Trabalho\Pesquisa\Pesquisa - Karielly\cric_cervix\images\cric_image_217_5a65081dd9202379699a7518fd51a9a5.png,C:\Users\jeanc\OneDrive\Área de Trabalho\Pesquisa\Pesquisa - Karielly\outputs_binary\crops\normal\img217_cell4809_normal.png,treino,3,0.03429395,0,normal,1
85,6bb20c67c4013e8805d0f64315b9bcb1.png,8132,Negative for intraepithelial lesion,normal,0,269,120,C:\Users\jeanc\OneDrive\Área de Trabalho\Pesquisa\Pesquisa - Karielly\cric_cervix\images\cric_image_085_6bb20c67c4013e8805d0f64315b9bcb1.png,C:\Users\jeanc\OneDrive\Área de Trabalho\Pesquisa\Pesquisa - Karielly\outputs_binary\crops\normal\img085_cell8132_normal.png,teste,3,0.9641868,1,anormal,0
205,33915ae53ce2cffb30485ad683a8c64e.png,5020,Negative for intraepithelial lesion,normal,0,228,247,C:\Users\jeanc\OneDrive\Área de Trabalho\Pesquisa\Pesquisa - Karielly\cric_cervix\images\cric_image_205_33915ae53ce2cffb30485ad683a8c64e.png,C:\Users\jeanc\OneDrive\Área de Trabalho\Pesquisa\Pesquisa - Karielly\outputs_binary\crops\normal\img205_cell5020_normal.png,treino,3,0.030243218,0,normal,1
236,221e5472253d8a712be2eb84079a6a72.png,4349,Negative for intraepithelial lesion,normal,0,686,1002,C:\Users\jeanc\OneDrive\Área de Trabalho\Pesquisa\Pesquisa - Karielly\cric_cervix\images\cric_image_236_221e5472253d8a712be2eb84079a6a72.png,C:\Users\jeanc\OneDrive\Área de Trabalho\Pesquisa\Pesquisa - Karielly\outputs_binary\crops\normal\img236_cell4349_normal.png,treino,3,0.08744687,0,normal,1
155,37264b18b1096a6515b8ce006c6568ee.png,5802,Negative for intraepithelial lesion,normal,0,441,838,C:\Users\jeanc\OneDrive\Área de Trabalho\Pesquisa\Pesquisa - Karielly\cric_cervix\images\cric_image_155_37264b18b1096a6515b8ce006c6568ee.png,C:\Users\jeanc\OneDrive\Área de Trabalho\Pesquisa\Pesquisa - Karielly\outputs_binary\crops\normal\img155_cell5802_normal.png,treino,3,0.030415535,0,normal,1
19,8457af003b1ad48e907156b5e6e53bea.png,10969,Negative for intraepithelial lesion,normal,0,246,716,C:\Users\jeanc\OneDrive\Área de Trabalho\Pesquisa\Pesquisa - Karielly\cric_cervix\images\cric_image_019_8457af003b1ad48e907156b5e6e53bea.png,C:\Users\jeanc\OneDrive\Área de Trabalho\Pesquisa\Pesquisa - Karielly\outputs_binary\crops\normal\img019_cell10969_normal.png,teste,3,0.021206122,0,normal,1
7,df075c7d02cc7729bd04b5996a3e8991.png,11403,Negative for intraepithelial lesion,normal,0,431,358,C:\Users\jeanc\OneDrive\Área de Trabalho\Pesquisa\Pesquisa - Karielly\cric_cervix\images\cric_image_007_df075c7d02cc7729bd04b5996a3e8991.png,C:\Users\jeanc\OneDrive\Área de Trabalho\Pesquisa\Pesquisa - Karielly\outputs_binary\crops\normal\img007_cell11403_normal.png,treino,3,0.94853723,1,anormal,0
129,b8f6374bc7c780a8b4fd99498b05afbb.png,6746,Negative for intraepithelial lesion,normal,0,832,392,C:\Users\jeanc\OneDrive\Área de Trabalho\Pesquisa\Pesquisa - Karielly\cric_cervix\images\cric_image_129_b8f6374bc7c780a8b4fd99498b05afbb.png,C:\Users\jeanc\OneDrive\Área de Trabalho\Pesquisa\Pesquisa - Karielly\outputs_binary\crops\normal\img129_cell6746_normal.png,treino,3,0.017193202,0,normal,1
311,5b9327cfecd550d543d371d0c94b2bad.png,2635,Negative for intraepithelial lesion,normal,0,485,120,C:\Users\jeanc\OneDrive\Área de Trabalho\Pesquisa\Pesquisa - Karielly\cric_cervix\images\cric_image_311_5b9327cfecd550d543d371d0c94b2bad.png,C:\Users\jeanc\OneDrive\Área de Trabalho\Pesquisa\Pesquisa - Karielly\outputs_binary\crops\normal\img311_cell2635_normal.png,treino,3,0.025107034,0,normal,1
378,b7c9bdb02733f1e3d77ac191115c15f7.png,1035,Negative for intraepithelial lesion,normal,0,767,953,C:\Users\jeanc\OneDrive\Área de Trabalho\Pesquisa\Pesquisa - Karielly\cric_cervix\images\cric_image_378_b7c9bdb02733f1e3d77ac191115c15f7.png,C:\Users\jeanc\OneDrive\Área de Trabalho\Pesquisa\Pesquisa - Karielly\outputs_binary\crops\normal\img378_cell1035_normal.png,treino,3,0.027716566,0,normal,1
168,c99bb99a4e4ab6bbabceeea1bd229447.png,5594,LSIL,anormal,1,864,741,C:\Users\jeanc\OneDrive\Área de Trabalho\Pesquisa\Pesquisa - Karielly\cric_cervix\images\cric_image_168_c99bb99a4e4ab6bbabceeea1bd229447.png,C:\Users\jeanc\OneDrive\Área de Trabalho\Pesquisa\Pesquisa - Karielly\outputs_binary\crops\anormal\img168_cell5594_anormal.png,treino,3,0.95362186,1,anormal,1
66,3831ee45ac7b7283b9becaa7116d8f33.png,9058,HSIL,anormal,1,809,257,C:\Users\jeanc\OneDrive\Área de Trabalho\Pesquisa\Pesquisa - Karielly\cric_cervix\images\cric_image_066_3831ee45ac7b7283b9becaa7116d8f33.png,C:\Users\jeanc\OneDrive\Área de Trabalho\Pesquisa\Pesquisa - Karielly\outputs_binary\crops\anormal\img066_cell9058_anormal.png,treino,3,0.9725193,1,anormal,1
66,3831ee45ac7b7283b9becaa7116d8f33.png,9056,HSIL,anormal,1,752,354,C:\Users\jeanc\OneDrive\Área de Trabalho\Pesquisa\Pesquisa - Karielly\cric_cervix\images\cric_image_066_3831ee45ac7b7283b9becaa7116d8f33.png,C:\Users\jeanc\OneDrive\Área de Trabalho\Pesquisa\Pesquisa - Karielly\outputs_binary\crops\anormal\img066_cell9056_anormal.png,treino,3,0.9688562,1,anormal,1
396,ba9d94a8fdbaba01220db89cde170b24.png,264,HSIL,anormal,1,538,259,C:\Users\jeanc\OneDrive\Área de Trabalho\Pesquisa\Pesquisa - Karielly\cric_cervix\images\cric_image_396_ba9d94a8fdbaba01220db89cde170b24.png,C:\Users\jeanc\OneDrive\Área de Trabalho\Pesquisa\Pesquisa - Karielly\outputs_binary\crops\anormal\img396_cell0264_anormal.png,teste,3,0.9583042,1,anormal,1
44,5ddea605aee431bb47d9580882733a87.png,10107,LSIL,anormal,1,1265,269,C:\Users\jeanc\OneDrive\Área de Trabalho\Pesquisa\Pesquisa - Karielly\cric_cervix\images\cric_image_044_5ddea605aee431bb47d9580882733a87.png,C:\Users\jeanc\OneDrive\Área de Trabalho\Pesquisa\Pesquisa - Karielly\outputs_binary\crops\anormal\img044_cell10107_anormal.png,treino,3,0.61048245,1,anormal,1
366,6a2ed524278daea0ddd2f37a47ca2b69.png,1287,LSIL,anormal,1,399,285,C:\Users\jeanc\OneDrive\Área de Trabalho\Pesquisa\Pesquisa - Karielly\cric_cervix\images\cric_image_366_6a2ed524278daea0ddd2f37a47ca2b69.png,C:\Users\jeanc\OneDrive\Área de Trabalho\Pesquisa\Pesquisa - Karielly\outputs_binary\crops\anormal\img366_cell1287_anormal.png,treino,3,0.9424538,1,anormal,1
396,ba9d94a8fdbaba01220db89cde170b24.png,291,HSIL,anormal,1,429,524,C:\Users\jeanc\OneDrive\Área de Trabalho\Pesquisa\Pesquisa - Karielly\cric_cervix\images\cric_image_396_ba9d94a8fdbaba01220db89cde170b24.png,C:\Users\jeanc\OneDrive\Área de Trabalho\Pesquisa\Pesquisa - Karielly\outputs_binary\crops\anormal\img396_cell0291_anormal.png,teste,3,0.9638481,1,anormal,1
77,28d57ea979962b5e05639ed582021cdd.png,8365,HSIL,anormal,1,942,120,C:\Users\jeanc\OneDrive\Área de Trabalho\Pesquisa\Pesquisa - Karielly\cric_cervix\images\cric_image_077_28d57ea979962b5e05639ed582021cdd.png,C:\Users\jeanc\OneDrive\Área de Trabalho\Pesquisa\Pesquisa - Karielly\outputs_binary\crops\anormal\img077_cell8365_anormal.png,teste,3,0.9251624,1,anormal,1
395,1a1319ef78624dc20d4a43cadde1da01.png,414,HSIL,anormal,1,563,717,C:\Users\jeanc\OneDrive\Área de Trabalho\Pesquisa\Pesquisa - Karielly\cric_cervix\images\cric_image_395_1a1319ef78624dc20d4a43cadde1da01.png,C:\Users\jeanc\OneDrive\Área de Trabalho\Pesquisa\Pesquisa - Karielly\outputs_binary\crops\anormal\img395_cell0414_anormal.png,validacao,3,0.9665054,1,anormal,1
97,299abd9ed2593fa2a0bcd9ba0c73a576.png,7685,HSIL,anormal,1,1140,977,C:\Users\jeanc\OneDrive\Área de Trabalho\Pesquisa\Pesquisa - Karielly\cric_cervix\images\cric_image_097_299abd9ed2593fa2a0bcd9ba0c73a576.png,C:\Users\jeanc\OneDrive\Área de Trabalho\Pesquisa\Pesquisa - Karielly\outputs_binary\crops\anormal\img097_cell7685_anormal.png,treino,3,0.9620006,1,anormal,1
217,5a65081dd9202379699a7518fd51a9a5.png,4819,ASC-US,anormal,1,182,212,C:\Users\jeanc\OneDrive\Área de Trabalho\Pesquisa\Pesquisa - Karielly\cric_cervix\images\cric_image_217_5a65081dd9202379699a7518fd51a9a5.png,C:\Users\jeanc\OneDrive\Área de Trabalho\Pesquisa\Pesquisa - Karielly\outputs_binary\crops\anormal\img217_cell4819_anormal.png,treino,3,0.9007919,1,anormal,1
57,28508d4d8bb189cedd8d6c79b8d529c9.png,9676,ASC-H,anormal,1,659,667,C:\Users\jeanc\OneDrive\Área de Trabalho\Pesquisa\Pesquisa - Karielly\cric_cervix\images\cric_image_057_28508d4d8bb189cedd8d6c79b8d529c9.png,C:\Users\jeanc\OneDrive\Área de Trabalho\Pesquisa\Pesquisa - Karielly\outputs_binary\crops\anormal\img057_cell9676_anormal.png,validacao,3,0.93195957,1,anormal,1
312,e195831951b7e556d3ca5f497ad4bc9c.png,2584,LSIL,anormal,1,769,300,C:\Users\jeanc\OneDrive\Área de Trabalho\Pesquisa\Pesquisa - Karielly\cric_cervix\images\cric_image_312_e195831951b7e556d3ca5f497ad4bc9c.png,C:\Users\jeanc\OneDrive\Área de Trabalho\Pesquisa\Pesquisa - Karielly\outputs_binary\crops\anormal\img312_cell2584_anormal.png,treino,3,0.9410612,1,anormal,1
77,28d57ea979962b5e05639ed582021cdd.png,8360,HSIL,anormal,1,761,263,C:\Users\jeanc\OneDrive\Área de Trabalho\Pesquisa\Pesquisa - Karielly\cric_cervix\images\cric_image_077_28d57ea979962b5e05639ed582021cdd.png,C:\Users\jeanc\OneDrive\Área de Trabalho\Pesquisa\Pesquisa - Karielly\outputs_binary\crops\anormal\img077_cell8360_anormal.png,teste,3,0.95938325,1,anormal,1
97,299abd9ed2593fa2a0bcd9ba0c73a576.png,7659,SCC,anormal,1,738,701,C:\Users\jeanc\OneDrive\Área de Trabalho\Pesquisa\Pesquisa - Karielly\cric_cervix\images\cric_image_097_299abd9ed2593fa2a0bcd9ba0c73a576.png,C:\Users\jeanc\OneDrive\Área de Trabalho\Pesquisa\Pesquisa - Karielly\outputs_binary\crops\anormal\img097_cell7659_anormal.png,treino,3,0.9756001,1,anormal,1
168,c99bb99a4e4ab6bbabceeea1bd229447.png,5587,LSIL,anormal,1,442,744,C:\Users\jeanc\OneDrive\Área de Trabalho\Pesquisa\Pesquisa - Karielly\cric_cervix\images\cric_image_168_c99bb99a4e4ab6bbabceeea1bd229447.png,C:\Users\jeanc\OneDrive\Área de Trabalho\Pesquisa\Pesquisa - Karielly\outputs_binary\crops\anormal\img168_cell5587_anormal.png,treino,3,0.95699733,1,anormal,1
340,987a233d03cd94cd14e42ac9a2a5ab62.png,1916,ASC-H,anormal,1,762,252,C:\Users\jeanc\OneDrive\Área de Trabalho\Pesquisa\Pesquisa - Karielly\cric_cervix\images\cric_image_340_987a233d03cd94cd14e42ac9a2a5ab62.png,C:\Users\jeanc\OneDrive\Área de Trabalho\Pesquisa\Pesquisa - Karielly\outputs_binary\crops\anormal\img340_cell1916_anormal.png,treino,3,0.971779,1,anormal,1
77,28d57ea979962b5e05639ed582021cdd.png,8385,HSIL,anormal,1,492,747,C:\Users\jeanc\OneDrive\Área de Trabalho\Pesquisa\Pesquisa - Karielly\cric_cervix\images\cric_image_077_28d57ea979962b5e05639ed582021cdd.png,C:\Users\jeanc\OneDrive\Área de Trabalho\Pesquisa\Pesquisa - Karielly\outputs_binary\crops\anormal\img077_cell8385_anormal.png,teste,3,0.9603612,1,anormal,1
395,1a1319ef78624dc20d4a43cadde1da01.png,424,HSIL,anormal,1,925,693,C:\Users\jeanc\OneDrive\Área de Trabalho\Pesquisa\Pesquisa - Karielly\cric_cervix\images\cric_image_395_1a1319ef78624dc20d4a43cadde1da01.png,C:\Users\jeanc\OneDrive\Área de Trabalho\Pesquisa\Pesquisa - Karielly\outputs_binary\crops\anormal\img395_cell0424_anormal.png,validacao,3,0.9679902,1,anormal,1
395,1a1319ef78624dc20d4a43cadde1da01.png,378,HSIL,anormal,1,1058,560,C:\Users\jeanc\OneDrive\Área de Trabalho\Pesquisa\Pesquisa - Karielly\cric_cervix\images\cric_image_395_1a1319ef78624dc20d4a43cadde1da01.png,C:\Users\jeanc\OneDrive\Área de Trabalho\Pesquisa\Pesquisa - Karielly\outputs_binary\crops\anormal\img395_cell0378_anormal.png,validacao,3,0.96879715,1,anormal,1
396,ba9d94a8fdbaba01220db89cde170b24.png,314,HSIL,anormal,1,799,403,C:\Users\jeanc\OneDrive\Área de Trabalho\Pesquisa\Pesquisa - Karielly\cric_cervix\images\cric_image_396_ba9d94a8fdbaba01220db89cde170b24.png,C:\Users\jeanc\OneDrive\Área de Trabalho\Pesquisa\Pesquisa - Karielly\outputs_binary\crops\anormal\img396_cell0314_anormal.png,teste,3,0.96882665,1,anormal,1
44,5ddea605aee431bb47d9580882733a87.png,10116,LSIL,anormal,1,622,744,C:\Users\jeanc\OneDrive\Área de Trabalho\Pesquisa\Pesquisa - Karielly\cric_cervix\images\cric_image_044_5ddea605aee431bb47d9580882733a87.png,C:\Users\jeanc\OneDrive\Área de Trabalho\Pesquisa\Pesquisa - Karielly\outputs_binary\crops\anormal\img044_cell10116_anormal.png,treino,3,0.95506835,1,anormal,1
38,466a61aa31579a2ffb3c561f5a5d37d0.png,10272,LSIL,anormal,1,1027,612,C:\Users\jeanc\OneDrive\Área de Trabalho\Pesquisa\Pesquisa - Karielly\cric_cervix\images\cric_image_038_466a61aa31579a2ffb3c561f5a5d37d0.png,C:\Users\jeanc\OneDrive\Área de Trabalho\Pesquisa\Pesquisa - Karielly\outputs_binary\crops\anormal\img038_cell10272_anormal.png,treino,3,0.6687721,1,anormal,1
396,ba9d94a8fdbaba01220db89cde170b24.png,281,HSIL,anormal,1,448,914,C:\Users\jeanc\OneDrive\Área de Trabalho\Pesquisa\Pesquisa - Karielly\cric_cervix\images\cric_image_396_ba9d94a8fdbaba01220db89cde170b24.png,C:\Users\jeanc\OneDrive\Área de Trabalho\Pesquisa\Pesquisa - Karielly\outputs_binary\crops\anormal\img396_cell0281_anormal.png,teste,3,0.950503,1,anormal,1
366,6a2ed524278daea0ddd2f37a47ca2b69.png,1290,LSIL,anormal,1,703,684,C:\Users\jeanc\OneDrive\Área de Trabalho\Pesquisa\Pesquisa - Karielly\cric_cervix\images\cric_image_366_6a2ed524278daea0ddd2f37a47ca2b69.png,C:\Users\jeanc\OneDrive\Área de Trabalho\Pesquisa\Pesquisa - Karielly\outputs_binary\crops\anormal\img366_cell1290_anormal.png,treino,3,0.9513234,1,anormal,1
395,1a1319ef78624dc20d4a43cadde1da01.png,426,HSIL,anormal,1,829,689,C:\Users\jeanc\OneDrive\Área de Trabalho\Pesquisa\Pesquisa - Karielly\cric_cervix\images\cric_image_395_1a1319ef78624dc20d4a43cadde1da01.png,C:\Users\jeanc\OneDrive\Área de Trabalho\Pesquisa\Pesquisa - Karielly\outputs_binary\crops\anormal\img395_cell0426_anormal.png,validacao,3,0.9719393,1,anormal,1
396,ba9d94a8fdbaba01220db89cde170b24.png,271,HSIL,anormal,1,564,909,C:\Users\jeanc\OneDrive\Área de Trabalho\Pesquisa\Pesquisa - Karielly\cric_cervix\images\cric_image_396_ba9d94a8fdbaba01220db89cde170b24.png,C:\Users\jeanc\OneDrive\Área de Trabalho\Pesquisa\Pesquisa - Karielly\outputs_binary\crops\anormal\img396_cell0271_anormal.png,teste,3,0.9045662,1,anormal,1
66,3831ee45ac7b7283b9becaa7116d8f33.png,9037,HSIL,anormal,1,1002,416,C:\Users\jeanc\OneDrive\Área de Trabalho\Pesquisa\Pesquisa - Karielly\cric_cervix\images\cric_image_066_3831ee45ac7b7283b9becaa7116d8f33.png,C:\Users\jeanc\OneDrive\Área de Trabalho\Pesquisa\Pesquisa - Karielly\outputs_binary\crops\anormal\img066_cell9037_anormal.png,treino,3,0.98024315,1,anormal,1
395,1a1319ef78624dc20d4a43cadde1da01.png,377,HSIL,anormal,1,1077,533,C:\Users\jeanc\OneDrive\Área de Trabalho\Pesquisa\Pesquisa - Karielly\cric_cervix\images\cric_image_395_1a1319ef78624dc20d4a43cadde1da01.png,C:\Users\jeanc\OneDrive\Área de Trabalho\Pesquisa\Pesquisa - Karielly\outputs_binary\crops\anormal\img395_cell0377_anormal.png,validacao,3,0.9650203,1,anormal,1
395,1a1319ef78624dc20d4a43cadde1da01.png,395,HSIL,anormal,1,447,425,C:\Users\jeanc\OneDrive\Área de Trabalho\Pesquisa\Pesquisa - Karielly\cric_cervix\images\cric_image_395_1a1319ef78624dc20d4a43cadde1da01.png,C:\Users\jeanc\OneDrive\Área de Trabalho\Pesquisa\Pesquisa - Karielly\outputs_binary\crops\anormal\img395_cell0395_anormal.png,validacao,3,0.97503597,1,anormal,1
57,28508d4d8bb189cedd8d6c79b8d529c9.png,9660,ASC-H,anormal,1,864,334,C:\Users\jeanc\OneDrive\Área de Trabalho\Pesquisa\Pesquisa - Karielly\cric_cervix\images\cric_image_057_28508d4d8bb189cedd8d6c79b8d529c9.png,C:\Users\jeanc\OneDrive\Área de Trabalho\Pesquisa\Pesquisa - Karielly\outputs_binary\crops\anormal\img057_cell9660_anormal.png,validacao,3,0.96242666,1,anormal,1
173,4bae321eaa4fedb2a75bf5c53b14b4f4.png,5511,LSIL,anormal,1,114,603,C:\Users\jeanc\OneDrive\Área de Trabalho\Pesquisa\Pesquisa - Karielly\cric_cervix\images\cric_image_173_4bae321eaa4fedb2a75bf5c53b14b4f4.png,C:\Users\jeanc\OneDrive\Área de Trabalho\Pesquisa\Pesquisa - Karielly\outputs_binary\crops\anormal\img173_cell5511_anormal.png,teste,3,0.85512674,1,anormal,1
211,75ae516a4fba3943054907d8f738aa73.png,4938,ASC-US,anormal,1,700,667,C:\Users\jeanc\OneDrive\Área de Trabalho\Pesquisa\Pesquisa - Karielly\cric_cervix\images\cric_image_211_75ae516a4fba3943054907d8f738aa73.png,C:\Users\jeanc\OneDrive\Área de Trabalho\Pesquisa\Pesquisa - Karielly\outputs_binary\crops\anormal\img211_cell4938_anormal.png,teste,3,0.8997397,1,anormal,1
38,466a61aa31579a2ffb3c561f5a5d37d0.png,10277,LSIL,anormal,1,399,493,C:\Users\jeanc\OneDrive\Área de Trabalho\Pesquisa\Pesquisa - Karielly\cric_cervix\images\cric_image_038_466a61aa31579a2ffb3c561f5a5d37d0.png,C:\Users\jeanc\OneDrive\Área de Trabalho\Pesquisa\Pesquisa - Karielly\outputs_binary\crops\anormal\img038_cell10277_anormal.png,treino,3,0.8062431,1,anormal,1
395,1a1319ef78624dc20d4a43cadde1da01.png,366,HSIL,anormal,1,852,777,C:\Users\jeanc\OneDrive\Área de Trabalho\Pesquisa\Pesquisa - Karielly\cric_cervix\images\cric_image_395_1a1319ef78624dc20d4a43cadde1da01.png,C:\Users\jeanc\OneDrive\Área de Trabalho\Pesquisa\Pesquisa - Karielly\outputs_binary\crops\anormal\img395_cell0366_anormal.png,validacao,3,0.9744348,1,anormal,1
395,1a1319ef78624dc20d4a43cadde1da01.png,431,LSIL,anormal,1,188,448,C:\Users\jeanc\OneDrive\Área de Trabalho\Pesquisa\Pesquisa - Karielly\cric_cervix\images\cric_image_395_1a1319ef78624dc20d4a43cadde1da01.png,C:\Users\jeanc\OneDrive\Área de Trabalho\Pesquisa\Pesquisa - Karielly\outputs_binary\crops\anormal\img395_cell0431_anormal.png,validacao,3,0.109182276,0,normal,0
395,1a1319ef78624dc20d4a43cadde1da01.png,400,HSIL,anormal,1,492,545,C:\Users\jeanc\OneDrive\Área de Trabalho\Pesquisa\Pesquisa - Karielly\cric_cervix\images\cric_image_395_1a1319ef78624dc20d4a43cadde1da01.png,C:\Users\jeanc\OneDrive\Área de Trabalho\Pesquisa\Pesquisa - Karielly\outputs_binary\crops\anormal\img395_cell0400_anormal.png,validacao,3,0.9730621,1,anormal,1
396,ba9d94a8fdbaba01220db89cde170b24.png,237,HSIL,anormal,1,705,177,C:\Users\jeanc\OneDrive\Área de Trabalho\Pesquisa\Pesquisa - Karielly\cric_cervix\images\cric_image_396_ba9d94a8fdbaba01220db89cde170b24.png,C:\Users\jeanc\OneDrive\Área de Trabalho\Pesquisa\Pesquisa - Karielly\outputs_binary\crops\anormal\img396_cell0237_anormal.png,teste,3,0.9760608,1,anormal,1
51,1a7a2ec67cefb1f11748edd2573291a8.png,9894,ASC-H,anormal,1,242,678,C:\Users\jeanc\OneDrive\Área de Trabalho\Pesquisa\Pesquisa - Karielly\cric_cervix\images\cric_image_051_1a7a2ec67cefb1f11748edd2573291a8.png,C:\Users\jeanc\OneDrive\Área de Trabalho\Pesquisa\Pesquisa - Karielly\outputs_binary\crops\anormal\img051_cell9894_anormal.png,treino,3,0.24780536,0,normal,0
168,c99bb99a4e4ab6bbabceeea1bd229447.png,5582,LSIL,anormal,1,404,513,C:\Users\jeanc\OneDrive\Área de Trabalho\Pesquisa\Pesquisa - Karielly\cric_cervix\images\cric_image_168_c99bb99a4e4ab6bbabceeea1bd229447.png,C:\Users\jeanc\OneDrive\Área de Trabalho\Pesquisa\Pesquisa - Karielly\outputs_binary\crops\anormal\img168_cell5582_anormal.png,treino,3,0.70750576,1,anormal,1
395,1a1319ef78624dc20d4a43cadde1da01.png,342,HSIL,anormal,1,659,243,C:\Users\jeanc\OneDrive\Área de Trabalho\Pesquisa\Pesquisa - Karielly\cric_cervix\images\cric_image_395_1a1319ef78624dc20d4a43cadde1da01.png,C:\Users\jeanc\OneDrive\Área de Trabalho\Pesquisa\Pesquisa - Karielly\outputs_binary\crops\anormal\img395_cell0342_anormal.png,validacao,3,0.97879386,1,anormal,1
395,1a1319ef78624dc20d4a43cadde1da01.png,389,HSIL,anormal,1,843,424,C:\Users\jeanc\OneDrive\Área de Trabalho\Pesquisa\Pesquisa - Karielly\cric_cervix\images\cric_image_395_1a1319ef78624dc20d4a43cadde1da01.png,C:\Users\jeanc\OneDrive\Área de Trabalho\Pesquisa\Pesquisa - Karielly\outputs_binary\crops\anormal\img395_cell0389_anormal.png,validacao,3,0.9654138,1,anormal,1
386,855ef72948b5ef0f051083d1cceca3f9.png,808,ASC-H,anormal,1,608,721,C:\Users\jeanc\OneDrive\Área de Trabalho\Pesquisa\Pesquisa - Karielly\cric_cervix\images\cric_image_386_855ef72948b5ef0f051083d1cceca3f9.png,C:\Users\jeanc\OneDrive\Área de Trabalho\Pesquisa\Pesquisa - Karielly\outputs_binary\crops\anormal\img386_cell0808_anormal.png,validacao,3,0.3955427,0,normal,0
203,dada70571c7ddf32b8bbbf448a6880a4.png,5037,ASC-US,anormal,1,504,418,C:\Users\jeanc\OneDrive\Área de Trabalho\Pesquisa\Pesquisa - Karielly\cric_cervix\images\cric_image_203_dada70571c7ddf32b8bbbf448a6880a4.png,C:\Users\jeanc\OneDrive\Área de Trabalho\Pesquisa\Pesquisa - Karielly\outputs_binary\crops\anormal\img203_cell5037_anormal.png,teste,3,0.9545628,1,anormal,1
90,81508bd550a84bbe5731b93048e54270.png,7927,HSIL,anormal,1,210,347,C:\Users\jeanc\OneDrive\Área de Trabalho\Pesquisa\Pesquisa - Karielly\cric_cervix\images\cric_image_090_81508bd550a84bbe5731b93048e54270.png,C:\Users\jeanc\OneDrive\Área de Trabalho\Pesquisa\Pesquisa - Karielly\outputs_binary\crops\anormal\img090_cell7927_anormal.png,treino,3,0.9746045,1,anormal,1
168,c99bb99a4e4ab6bbabceeea1bd229447.png,5581,LSIL,anormal,1,544,549,C:\Users\jeanc\OneDrive\Área de Trabalho\Pesquisa\Pesquisa - Karielly\cric_cervix\images\cric_image_168_c99bb99a4e4ab6bbabceeea1bd229447.png,C:\Users\jeanc\OneDrive\Área de Trabalho\Pesquisa\Pesquisa - Karielly\outputs_binary\crops\anormal\img168_cell5581_anormal.png,treino,3,0.9125921,1,anormal,1
85,6bb20c67c4013e8805d0f64315b9bcb1.png,8078,HSIL,anormal,1,270,820,C:\Users\jeanc\OneDrive\Área de Trabalho\Pesquisa\Pesquisa - Karielly\cric_cervix\images\cric_image_085_6bb20c67c4013e8805d0f64315b9bcb1.png,C:\Users\jeanc\OneDrive\Área de Trabalho\Pesquisa\Pesquisa - Karielly\outputs_binary\crops\anormal\img085_cell8078_anormal.png,teste,3,0.9819619,1,anormal,1
395,1a1319ef78624dc20d4a43cadde1da01.png,384,HSIL,anormal,1,1017,459,C:\Users\jeanc\OneDrive\Área de Trabalho\Pesquisa\Pesquisa - Karielly\cric_cervix\images\cric_image_395_1a1319ef78624dc20d4a43cadde1da01.png,C:\Users\jeanc\OneDrive\Área de Trabalho\Pesquisa\Pesquisa - Karielly\outputs_binary\crops\anormal\img395_cell0384_anormal.png,validacao,3,0.94994867,1,anormal,1
66,3831ee45ac7b7283b9becaa7116d8f33.png,9026,HSIL,anormal,1,905,138,C:\Users\jeanc\OneDrive\Área de Trabalho\Pesquisa\Pesquisa - Karielly\cric_cervix\images\cric_image_066_3831ee45ac7b7283b9becaa7116d8f33.png,C:\Users\jeanc\OneDrive\Área de Trabalho\Pesquisa\Pesquisa - Karielly\outputs_binary\crops\anormal\img066_cell9026_anormal.png,treino,3,0.9759006,1,anormal,1
342,12c15166cc92ff5c3ef75f735704365e.png,1885,LSIL,anormal,1,520,496,C:\Users\jeanc\OneDrive\Área de Trabalho\Pesquisa\Pesquisa - Karielly\cric_cervix\images\cric_image_342_12c15166cc92ff5c3ef75f735704365e.png,C:\Users\jeanc\OneDrive\Área de Trabalho\Pesquisa\Pesquisa - Karielly\outputs_binary\crops\anormal\img342_cell1885_anormal.png,treino,3,0.08321738,0,normal,0
400,9ae8a4edde40219bad6303cebc672ee4.png,7,LSIL,anormal,1,483,293,C:\Users\jeanc\OneDrive\Área de Trabalho\Pesquisa\Pesquisa - Karielly\cric_cervix\images\cric_image_400_9ae8a4edde40219bad6303cebc672ee4.png,C:\Users\jeanc\OneDrive\Área de Trabalho\Pesquisa\Pesquisa - Karielly\outputs_binary\crops\anormal\img400_cell0007_anormal.png,treino,3,0.9609151,1,anormal,1
400,9ae8a4edde40219bad6303cebc672ee4.png,10,ASC-H,anormal,1,638,245,C:\Users\jeanc\OneDrive\Área de Trabalho\Pesquisa\Pesquisa - Karielly\cric_cervix\images\cric_image_400_9ae8a4edde40219bad6303cebc672ee4.png,C:\Users\jeanc\OneDrive\Área de Trabalho\Pesquisa\Pesquisa - Karielly\outputs_binary\crops\anormal\img400_cell0010_anormal.png,treino,3,0.9466954,1,anormal,1
203,dada70571c7ddf32b8bbbf448a6880a4.png,5036,ASC-US,anormal,1,517,497,C:\Users\jeanc\OneDrive\Área de Trabalho\Pesquisa\Pesquisa - Karielly\cric_cervix\images\cric_image_203_dada70571c7ddf32b8bbbf448a6880a4.png,C:\Users\jeanc\OneDrive\Área de Trabalho\Pesquisa\Pesquisa - Karielly\outputs_binary\crops\anormal\img203_cell5036_anormal.png,teste,3,0.9650203,1,anormal,1
395,1a1319ef78624dc20d4a43cadde1da01.png,353,HSIL,anormal,1,527,349,C:\Users\jeanc\OneDrive\Área de Trabalho\Pesquisa\Pesquisa - Karielly\cric_cervix\images\cric_image_395_1a1319ef78624dc20d4a43cadde1da01.png,C:\Users\jeanc\OneDrive\Área de Trabalho\Pesquisa\Pesquisa - Karielly\outputs_binary\crops\anormal\img395_cell0353_anormal.png,validacao,3,0.9761292,1,anormal,1
77,28d57ea979962b5e05639ed582021cdd.png,8380,HSIL,anormal,1,770,755,C:\Users\jeanc\OneDrive\Área de Trabalho\Pesquisa\Pesquisa - Karielly\cric_cervix\images\cric_image_077_28d57ea979962b5e05639ed582021cdd.png,C:\Users\jeanc\OneDrive\Área de Trabalho\Pesquisa\Pesquisa - Karielly\outputs_binary\crops\anormal\img077_cell8380_anormal.png,teste,3,0.92441523,1,anormal,1
85,6bb20c67c4013e8805d0f64315b9bcb1.png,8068,HSIL,anormal,1,720,661,C:\Users\jeanc\OneDrive\Área de Trabalho\Pesquisa\Pesquisa - Karielly\cric_cervix\images\cric_image_085_6bb20c67c4013e8805d0f64315b9bcb1.png,C:\Users\jeanc\OneDrive\Área de Trabalho\Pesquisa\Pesquisa - Karielly\outputs_binary\crops\anormal\img085_cell8068_anormal.png,teste,3,0.97151,1,anormal,1
85,6bb20c67c4013e8805d0f64315b9bcb1.png,8075,HSIL,anormal,1,203,909,C:\Users\jeanc\OneDrive\Área de Trabalho\Pesquisa\Pesquisa - Karielly\cric_cervix\images\cric_image_085_6bb20c67c4013e8805d0f64315b9bcb1.png,C:\Users\jeanc\OneDrive\Área de Trabalho\Pesquisa\Pesquisa - Karielly\outputs_binary\crops\anormal\img085_cell8075_anormal.png,teste,3,0.9737197,1,anormal,1
396,ba9d94a8fdbaba01220db89cde170b24.png,293,HSIL,anormal,1,437,429,C:\Users\jeanc\OneDrive\Área de Trabalho\Pesquisa\Pesquisa - Karielly\cric_cervix\images\cric_image_396_ba9d94a8fdbaba01220db89cde170b24.png,C:\Users\jeanc\OneDrive\Área de Trabalho\Pesquisa\Pesquisa - Karielly\outputs_binary\crops\anormal\img396_cell0293_anormal.png,teste,3,0.96185756,1,anormal,1
24,e49e5d68eaf20468db941ac76632674f.png,10758,ASC-US,anormal,1,650,548,C:\Users\jeanc\OneDrive\Área de Trabalho\Pesquisa\Pesquisa - Karielly\cric_cervix\images\cric_image_024_e49e5d68eaf20468db941ac76632674f.png,C:\Users\jeanc\OneDrive\Área de Trabalho\Pesquisa\Pesquisa - Karielly\outputs_binary\crops\anormal\img024_cell10758_anormal.png,treino,3,0.9396923,1,anormal,1
246,c4f51dd4f48d013f69b4c5e2adced54d.png,4072,LSIL,anormal,1,682,532,C:\Users\jeanc\OneDrive\Área de Trabalho\Pesquisa\Pesquisa - Karielly\cric_cervix\images\cric_image_246_c4f51dd4f48d013f69b4c5e2adced54d.png,C:\Users\jeanc\OneDrive\Área de Trabalho\Pesquisa\Pesquisa - Karielly\outputs_binary\crops\anormal\img246_cell4072_anormal.png,treino,3,0.9274948,1,anormal,1
149,4dbb52e87bc98d0d5a10cc0dc05fdc3f.png,5971,Negative for intraepithelial lesion,normal,0,1184,471,C:\Users\jeanc\OneDrive\Área de Trabalho\Pesquisa\Pesquisa - Karielly\cric_cervix\images\cric_image_149_4dbb52e87bc98d0d5a10cc0dc05fdc3f.png,C:\Users\jeanc\OneDrive\Área de Trabalho\Pesquisa\Pesquisa - Karielly\outputs_binary\crops\normal\img149_cell5971_normal.png,validacao,4,0.010509383,0,normal,1
149,4dbb52e87bc98d0d5a10cc0dc05fdc3f.png,5958,Negative for intraepithelial lesion,normal,0,874,342,C:\Users\jeanc\OneDrive\Área de Trabalho\Pesquisa\Pesquisa - Karielly\cric_cervix\images\cric_image_149_4dbb52e87bc98d0d5a10cc0dc05fdc3f.png,C:\Users\jeanc\OneDrive\Área de Trabalho\Pesquisa\Pesquisa - Karielly\outputs_binary\crops\normal\img149_cell5958_normal.png,validacao,4,0.008494837,0,normal,1
149,4dbb52e87bc98d0d5a10cc0dc05fdc3f.png,5984,Negative for intraepithelial lesion,normal,0,1060,84,C:\Users\jeanc\OneDrive\Área de Trabalho\Pesquisa\Pesquisa - Karielly\cric_cervix\images\cric_image_149_4dbb52e87bc98d0d5a10cc0dc05fdc3f.png,C:\Users\jeanc\OneDrive\Área de Trabalho\Pesquisa\Pesquisa - Karielly\outputs_binary\crops\normal\img149_cell5984_normal.png,validacao,4,0.009859855,0,normal,1
387,b5bc96650b0315465891547e78e4490c.png,771,Negative for intraepithelial lesion,normal,0,710,333,C:\Users\jeanc\OneDrive\Área de Trabalho\Pesquisa\Pesquisa - Karielly\cric_cervix\images\cric_image_387_b5bc96650b0315465891547e78e4490c.png,C:\Users\jeanc\OneDrive\Área de Trabalho\Pesquisa\Pesquisa - Karielly\outputs_binary\crops\normal\img387_cell0771_normal.png,teste,4,0.059047263,0,normal,1
398,0cc6e576dac3046d279bba515e10a7a9.png,88,Negative for intraepithelial lesion,normal,0,578,354,C:\Users\jeanc\OneDrive\Área de Trabalho\Pesquisa\Pesquisa - Karielly\cric_cervix\images\cric_image_398_0cc6e576dac3046d279bba515e10a7a9.png,C:\Users\jeanc\OneDrive\Área de Trabalho\Pesquisa\Pesquisa - Karielly\outputs_binary\crops\normal\img398_cell0088_normal.png,treino,4,0.03821415,0,normal,1
350,94510a321f43fadd424e96343d6cab76.png,1720,Negative for intraepithelial lesion,normal,0,394,335,C:\Users\jeanc\OneDrive\Área de Trabalho\Pesquisa\Pesquisa - Karielly\cric_cervix\images\cric_image_350_94510a321f43fadd424e96343d6cab76.png,C:\Users\jeanc\OneDrive\Área de Trabalho\Pesquisa\Pesquisa - Karielly\outputs_binary\crops\normal\img350_cell1720_normal.png,validacao,4,0.13782232,0,normal,1
149,4dbb52e87bc98d0d5a10cc0dc05fdc3f.png,5969,Negative for intraepithelial lesion,normal,0,1093,433,C:\Users\jeanc\OneDrive\Área de Trabalho\Pesquisa\Pesquisa - Karielly\cric_cervix\images\cric_image_149_4dbb52e87bc98d0d5a10cc0dc05fdc3f.png,C:\Users\jeanc\OneDrive\Área de Trabalho\Pesquisa\Pesquisa - Karielly\outputs_binary\crops\normal\img149_cell5969_normal.png,validacao,4,0.008660931,0,normal,1
268,8725a834d8421b4f506987ce6402613a.png,3552,Negative for intraepithelial lesion,normal,0,39,872,C:\Users\jeanc\OneDrive\Área de Trabalho\Pesquisa\Pesquisa - Karielly\cric_cervix\images\cric_image_268_8725a834d8421b4f506987ce6402613a.png,C:\Users\jeanc\OneDrive\Área de Trabalho\Pesquisa\Pesquisa - Karielly\outputs_binary\crops\normal\img268_cell3552_normal.png,treino,4,0.11441798,0,normal,1
15,fe7dccb72ee17d6776970bdb5e5ba3ba.png,11145,Negative for intraepithelial lesion,normal,0,727,175,C:\Users\jeanc\OneDrive\Área de Trabalho\Pesquisa\Pesquisa - Karielly\cric_cervix\images\cric_image_015_fe7dccb72ee17d6776970bdb5e5ba3ba.png,C:\Users\jeanc\OneDrive\Área de Trabalho\Pesquisa\Pesquisa - Karielly\outputs_binary\crops\normal\img015_cell11145_normal.png,treino,4,0.020964239,0,normal,1
152,3ae2fc6e5e6530f3291e21a8937c71b3.png,5918,Negative for intraepithelial lesion,normal,0,740,691,C:\Users\jeanc\OneDrive\Área de Trabalho\Pesquisa\Pesquisa - Karielly\cric_cervix\images\cric_image_152_3ae2fc6e5e6530f3291e21a8937c71b3.png,C:\Users\jeanc\OneDrive\Área de Trabalho\Pesquisa\Pesquisa - Karielly\outputs_binary\crops\normal\img152_cell5918_normal.png,treino,4,0.0073600817,0,normal,1
30,0489736e8d880b5188b04d11c3131cd3.png,10554,Negative for intraepithelial lesion,normal,0,908,930,C:\Users\jeanc\OneDrive\Área de Trabalho\Pesquisa\Pesquisa - Karielly\cric_cervix\images\cric_image_030_0489736e8d880b5188b04d11c3131cd3.png,C:\Users\jeanc\OneDrive\Área de Trabalho\Pesquisa\Pesquisa - Karielly\outputs_binary\crops\normal\img030_cell10554_normal.png,treino,4,0.016246215,0,normal,1
75,458d0586e1dc5d723b54924fa1a75ab1.png,8494,Negative for intraepithelial lesion,normal,0,65,602,C:\Users\jeanc\OneDrive\Área de Trabalho\Pesquisa\Pesquisa - Karielly\cric_cervix\images\cric_image_075_458d0586e1dc5d723b54924fa1a75ab1.png,C:\Users\jeanc\OneDrive\Área de Trabalho\Pesquisa\Pesquisa - Karielly\outputs_binary\crops\normal\img075_cell8494_normal.png,treino,4,0.036977556,0,normal,1
387,b5bc96650b0315465891547e78e4490c.png,791,Negative for intraepithelial lesion,normal,0,724,912,C:\Users\jeanc\OneDrive\Área de Trabalho\Pesquisa\Pesquisa - Karielly\cric_cervix\images\cric_image_387_b5bc96650b0315465891547e78e4490c.png,C:\Users\jeanc\OneDrive\Área de Trabalho\Pesquisa\Pesquisa - Karielly\outputs_binary\crops\normal\img387_cell0791_normal.png,teste,4,0.00902028,0,normal,1
174,4b474d44ad6dd5b66d25d339db5fe138.png,5474,Negative for intraepithelial lesion,normal,0,88,697,C:\Users\jeanc\OneDrive\Área de Trabalho\Pesquisa\Pesquisa - Karielly\cric_cervix\images\cric_image_174_4b474d44ad6dd5b66d25d339db5fe138.png,C:\Users\jeanc\OneDrive\Área de Trabalho\Pesquisa\Pesquisa - Karielly\outputs_binary\crops\normal\img174_cell5474_normal.png,validacao,4,0.32788348,0,normal,1
252,da51093be0db6b3ccd477a6aeddc2261.png,3900,Negative for intraepithelial lesion,normal,0,543,125,C:\Users\jeanc\OneDrive\Área de Trabalho\Pesquisa\Pesquisa - Karielly\cric_cervix\images\cric_image_252_da51093be0db6b3ccd477a6aeddc2261.png,C:\Users\jeanc\OneDrive\Área de Trabalho\Pesquisa\Pesquisa - Karielly\outputs_binary\crops\normal\img252_cell3900_normal.png,treino,4,0.010797569,0,normal,1
176,5613e617f960b8414dbec5aa38647f96.png,5447,Negative for intraepithelial lesion,normal,0,1219,904,C:\Users\jeanc\OneDrive\Área de Trabalho\Pesquisa\Pesquisa - Karielly\cric_cervix\images\cric_image_176_5613e617f960b8414dbec5aa38647f96.png,C:\Users\jeanc\OneDrive\Área de Trabalho\Pesquisa\Pesquisa - Karielly\outputs_binary\crops\normal\img176_cell5447_normal.png,treino,4,0.8275496,1,anormal,0
218,7756dcc0d11e89797a0a2f25e99d3b07.png,4788,Negative for intraepithelial lesion,normal,0,677,133,C:\Users\jeanc\OneDrive\Área de Trabalho\Pesquisa\Pesquisa - Karielly\cric_cervix\images\cric_image_218_7756dcc0d11e89797a0a2f25e99d3b07.png,C:\Users\jeanc\OneDrive\Área de Trabalho\Pesquisa\Pesquisa - Karielly\outputs_binary\crops\normal\img218_cell4788_normal.png,treino,4,0.009652304,0,normal,1
45,e42d8978f7ff44cd74a646b97b1c2c1c.png,10042,Negative for intraepithelial lesion,normal,0,1028,365,C:\Users\jeanc\OneDrive\Área de Trabalho\Pesquisa\Pesquisa - Karielly\cric_cervix\images\cric_image_045_e42d8978f7ff44cd74a646b97b1c2c1c.png,C:\Users\jeanc\OneDrive\Área de Trabalho\Pesquisa\Pesquisa - Karielly\outputs_binary\crops\normal\img045_cell10042_normal.png,treino,4,0.0090377545,0,normal,1
75,458d0586e1dc5d723b54924fa1a75ab1.png,8498,Negative for intraepithelial lesion,normal,0,260,566,C:\Users\jeanc\OneDrive\Área de Trabalho\Pesquisa\Pesquisa - Karielly\cric_cervix\images\cric_image_075_458d0586e1dc5d723b54924fa1a75ab1.png,C:\Users\jeanc\OneDrive\Área de Trabalho\Pesquisa\Pesquisa - Karielly\outputs_binary\crops\normal\img075_cell8498_normal.png,treino,4,0.1768137,0,normal,1
147,7cadcc842e5559cd14a3cd1143dd8db0.png,6118,Negative for intraepithelial lesion,normal,0,876,906,C:\Users\jeanc\OneDrive\Área de Trabalho\Pesquisa\Pesquisa - Karielly\cric_cervix\images\cric_image_147_7cadcc842e5559cd14a3cd1143dd8db0.png,C:\Users\jeanc\OneDrive\Área de Trabalho\Pesquisa\Pesquisa - Karielly\outputs_binary\crops\normal\img147_cell6118_normal.png,treino,4,0.010032952,0,normal,1
371,674fd708f0a5faed1e7057724ef43fb4.png,1227,Negative for intraepithelial lesion,normal,0,10,307,C:\Users\jeanc\OneDrive\Área de Trabalho\Pesquisa\Pesquisa - Karielly\cric_cervix\images\cric_image_371_674fd708f0a5faed1e7057724ef43fb4.png,C:\Users\jeanc\OneDrive\Área de Trabalho\Pesquisa\Pesquisa - Karielly\outputs_binary\crops\normal\img371_cell1227_normal.png,treino,4,0.024283867,0,normal,1
371,674fd708f0a5faed1e7057724ef43fb4.png,1218,Negative for intraepithelial lesion,normal,0,945,580,C:\Users\jeanc\OneDrive\Área de Trabalho\Pesquisa\Pesquisa - Karielly\cric_cervix\images\cric_image_371_674fd708f0a5faed1e7057724ef43fb4.png,C:\Users\jeanc\OneDrive\Área de Trabalho\Pesquisa\Pesquisa - Karielly\outputs_binary\crops\normal\img371_cell1218_normal.png,treino,4,0.015189049,0,normal,1
371,674fd708f0a5faed1e7057724ef43fb4.png,1164,Negative for intraepithelial lesion,normal,0,1248,414,C:\Users\jeanc\OneDrive\Área de Trabalho\Pesquisa\Pesquisa - Karielly\cric_cervix\images\cric_image_371_674fd708f0a5faed1e7057724ef43fb4.png,C:\Users\jeanc\OneDrive\Área de Trabalho\Pesquisa\Pesquisa - Karielly\outputs_binary\crops\normal\img371_cell1164_normal.png,treino,4,0.015072628,0,normal,1
358,e0c93ad46ad5dac7832427c1eb191c9e.png,1557,Negative for intraepithelial lesion,normal,0,442,389,C:\Users\jeanc\OneDrive\Área de Trabalho\Pesquisa\Pesquisa - Karielly\cric_cervix\images\cric_image_358_e0c93ad46ad5dac7832427c1eb191c9e.png,C:\Users\jeanc\OneDrive\Área de Trabalho\Pesquisa\Pesquisa - Karielly\outputs_binary\crops\normal\img358_cell1557_normal.png,treino,4,0.034979645,0,normal,1
329,40387ef8bd22eb5167427ca9a25bc65a.png,2349,Negative for intraepithelial lesion,normal,0,568,188,C:\Users\jeanc\OneDrive\Área de Trabalho\Pesquisa\Pesquisa - Karielly\cric_cervix\images\cric_image_329_40387ef8bd22eb5167427ca9a25bc65a.png,C:\Users\jeanc\OneDrive\Área de Trabalho\Pesquisa\Pesquisa - Karielly\outputs_binary\crops\normal\img329_cell2349_normal.png,treino,4,0.007577241,0,normal,1
371,674fd708f0a5faed1e7057724ef43fb4.png,1166,Negative for intraepithelial lesion,normal,0,1053,414,C:\Users\jeanc\OneDrive\Área de Trabalho\Pesquisa\Pesquisa - Karielly\cric_cervix\images\cric_image_371_674fd708f0a5faed1e7057724ef43fb4.png,C:\Users\jeanc\OneDrive\Área de Trabalho\Pesquisa\Pesquisa - Karielly\outputs_binary\crops\normal\img371_cell1166_normal.png,treino,4,0.011530388,0,normal,1
306,8c21e0dc6b8fbeddfd6f9923b4b1054c.png,2786,Negative for intraepithelial lesion,normal,0,795,988,C:\Users\jeanc\OneDrive\Área de Trabalho\Pesquisa\Pesquisa - Karielly\cric_cervix\images\cric_image_306_8c21e0dc6b8fbeddfd6f9923b4b1054c.png,C:\Users\jeanc\OneDrive\Área de Trabalho\Pesquisa\Pesquisa - Karielly\outputs_binary\crops\normal\img306_cell2786_normal.png,validacao,4,0.011331754,0,normal,1
16,42e7a4f3bd69279d8b1bc4ea8e248f08.png,11075,Negative for intraepithelial lesion,normal,0,166,581,C:\Users\jeanc\OneDrive\Área de Trabalho\Pesquisa\Pesquisa - Karielly\cric_cervix\images\cric_image_016_42e7a4f3bd69279d8b1bc4ea8e248f08.png,C:\Users\jeanc\OneDrive\Área de Trabalho\Pesquisa\Pesquisa - Karielly\outputs_binary\crops\normal\img016_cell11075_normal.png,teste,4,0.03521114,0,normal,1
192,5c7feaaf66d0981fe28378fbab186509.png,5178,Negative for intraepithelial lesion,normal,0,1040,581,C:\Users\jeanc\OneDrive\Área de Trabalho\Pesquisa\Pesquisa - Karielly\cric_cervix\images\cric_image_192_5c7feaaf66d0981fe28378fbab186509.png,C:\Users\jeanc\OneDrive\Área de Trabalho\Pesquisa\Pesquisa - Karielly\outputs_binary\crops\normal\img192_cell5178_normal.png,treino,4,0.07689149,0,normal,1
174,4b474d44ad6dd5b66d25d339db5fe138.png,5486,Negative for intraepithelial lesion,normal,0,693,632,C:\Users\jeanc\OneDrive\Área de Trabalho\Pesquisa\Pesquisa - Karielly\cric_cervix\images\cric_image_174_4b474d44ad6dd5b66d25d339db5fe138.png,C:\Users\jeanc\OneDrive\Área de Trabalho\Pesquisa\Pesquisa - Karielly\outputs_binary\crops\normal\img174_cell5486_normal.png,validacao,4,0.46355045,0,normal,1
371,674fd708f0a5faed1e7057724ef43fb4.png,1144,Negative for intraepithelial lesion,normal,0,607,158,C:\Users\jeanc\OneDrive\Área de Trabalho\Pesquisa\Pesquisa - Karielly\cric_cervix\images\cric_image_371_674fd708f0a5faed1e7057724ef43fb4.png,C:\Users\jeanc\OneDrive\Área de Trabalho\Pesquisa\Pesquisa - Karielly\outputs_binary\crops\normal\img371_cell1144_normal.png,treino,4,0.010590936,0,normal,1
15,fe7dccb72ee17d6776970bdb5e5ba3ba.png,11142,Negative for intraepithelial lesion,normal,0,319,475,C:\Users\jeanc\OneDrive\Área de Trabalho\Pesquisa\Pesquisa - Karielly\cric_cervix\images\cric_image_015_fe7dccb72ee17d6776970bdb5e5ba3ba.png,C:\Users\jeanc\OneDrive\Área de Trabalho\Pesquisa\Pesquisa - Karielly\outputs_binary\crops\normal\img015_cell11142_normal.png,treino,4,0.014489627,0,normal,1
338,f7f0f05e4ea3c356b520371057e646b9.png,2137,Negative for intraepithelial lesion,normal,0,68,537,C:\Users\jeanc\OneDrive\Área de Trabalho\Pesquisa\Pesquisa - Karielly\cric_cervix\images\cric_image_338_f7f0f05e4ea3c356b520371057e646b9.png,C:\Users\jeanc\OneDrive\Área de Trabalho\Pesquisa\Pesquisa - Karielly\outputs_binary\crops\normal\img338_cell2137_normal.png,treino,4,0.090896755,0,normal,1
134,8f99ed3b3a6ef71e354c099db23e7498.png,6593,Negative for intraepithelial lesion,normal,0,261,391,C:\Users\jeanc\OneDrive\Área de Trabalho\Pesquisa\Pesquisa - Karielly\cric_cervix\images\cric_image_134_8f99ed3b3a6ef71e354c099db23e7498.png,C:\Users\jeanc\OneDrive\Área de Trabalho\Pesquisa\Pesquisa - Karielly\outputs_binary\crops\normal\img134_cell6593_normal.png,treino,4,0.0091787735,0,normal,1
32,ee78da0c06d978fec8d86a8d97182445.png,10378,Negative for intraepithelial lesion,normal,0,340,56,C:\Users\jeanc\OneDrive\Área de Trabalho\Pesquisa\Pesquisa - Karielly\cric_cervix\images\cric_image_032_ee78da0c06d978fec8d86a8d97182445.png,C:\Users\jeanc\OneDrive\Área de Trabalho\Pesquisa\Pesquisa - Karielly\outputs_binary\crops\normal\img032_cell10378_normal.png,teste,4,0.014785409,0,normal,1
339,9073bf65a95626d36c392876535fbd34.png,2028,Negative for intraepithelial lesion,normal,0,19,189,C:\Users\jeanc\OneDrive\Área de Trabalho\Pesquisa\Pesquisa - Karielly\cric_cervix\images\cric_image_339_9073bf65a95626d36c392876535fbd34.png,C:\Users\jeanc\OneDrive\Área de Trabalho\Pesquisa\Pesquisa - Karielly\outputs_binary\crops\normal\img339_cell2028_normal.png,validacao,4,0.32161978,0,normal,1
371,674fd708f0a5faed1e7057724ef43fb4.png,1204,Negative for intraepithelial lesion,normal,0,870,895,C:\Users\jeanc\OneDrive\Área de Trabalho\Pesquisa\Pesquisa - Karielly\cric_cervix\images\cric_image_371_674fd708f0a5faed1e7057724ef43fb4.png,C:\Users\jeanc\OneDrive\Área de Trabalho\Pesquisa\Pesquisa - Karielly\outputs_binary\crops\normal\img371_cell1204_normal.png,treino,4,0.01883313,0,normal,1
359,ce95aaf77e8e7bcd44e4d1f731dea349.png,1538,Negative for intraepithelial lesion,normal,0,915,483,C:\Users\jeanc\OneDrive\Área de Trabalho\Pesquisa\Pesquisa - Karielly\cric_cervix\images\cric_image_359_ce95aaf77e8e7bcd44e4d1f731dea349.png,C:\Users\jeanc\OneDrive\Área de Trabalho\Pesquisa\Pesquisa - Karielly\outputs_binary\crops\normal\img359_cell1538_normal.png,treino,4,0.91078377,1,anormal,0
149,4dbb52e87bc98d0d5a10cc0dc05fdc3f.png,5957,Negative for intraepithelial lesion,normal,0,793,305,C:\Users\jeanc\OneDrive\Área de Trabalho\Pesquisa\Pesquisa - Karielly\cric_cervix\images\cric_image_149_4dbb52e87bc98d0d5a10cc0dc05fdc3f.png,C:\Users\jeanc\OneDrive\Área de Trabalho\Pesquisa\Pesquisa - Karielly\outputs_binary\crops\normal\img149_cell5957_normal.png,validacao,4,0.011375601,0,normal,1
149,4dbb52e87bc98d0d5a10cc0dc05fdc3f.png,5941,Negative for intraepithelial lesion,normal,0,261,195,C:\Users\jeanc\OneDrive\Área de Trabalho\Pesquisa\Pesquisa - Karielly\cric_cervix\images\cric_image_149_4dbb52e87bc98d0d5a10cc0dc05fdc3f.png,C:\Users\jeanc\OneDrive\Área de Trabalho\Pesquisa\Pesquisa - Karielly\outputs_binary\crops\normal\img149_cell5941_normal.png,validacao,4,0.01046884,0,normal,1
103,b0fddd5dbd774fcc23ddf897ee7bf26c.png,7575,Negative for intraepithelial lesion,normal,0,835,796,C:\Users\jeanc\OneDrive\Área de Trabalho\Pesquisa\Pesquisa - Karielly\cric_cervix\images\cric_image_103_b0fddd5dbd774fcc23ddf897ee7bf26c.png,C:\Users\jeanc\OneDrive\Área de Trabalho\Pesquisa\Pesquisa - Karielly\outputs_binary\crops\normal\img103_cell7575_normal.png,treino,4,0.01566365,0,normal,1
182,c63289c59bca91f80b2dde9ac013cc57.png,5335,Negative for intraepithelial lesion,normal,0,344,1001,C:\Users\jeanc\OneDrive\Área de Trabalho\Pesquisa\Pesquisa - Karielly\cric_cervix\images\cric_image_182_c63289c59bca91f80b2dde9ac013cc57.png,C:\Users\jeanc\OneDrive\Área de Trabalho\Pesquisa\Pesquisa - Karielly\outputs_binary\crops\normal\img182_cell5335_normal.png,validacao,4,0.011093566,0,normal,1
147,7cadcc842e5559cd14a3cd1143dd8db0.png,6086,Negative for intraepithelial lesion,normal,0,14,20,C:\Users\jeanc\OneDrive\Área de Trabalho\Pesquisa\Pesquisa - Karielly\cric_cervix\images\cric_image_147_7cadcc842e5559cd14a3cd1143dd8db0.png,C:\Users\jeanc\OneDrive\Área de Trabalho\Pesquisa\Pesquisa - Karielly\outputs_binary\crops\normal\img147_cell6086_normal.png,treino,4,0.012515858,0,normal,1
387,b5bc96650b0315465891547e78e4490c.png,765,Negative for intraepithelial lesion,normal,0,818,242,C:\Users\jeanc\OneDrive\Área de Trabalho\Pesquisa\Pesquisa - Karielly\cric_cervix\images\cric_image_387_b5bc96650b0315465891547e78e4490c.png,C:\Users\jeanc\OneDrive\Área de Trabalho\Pesquisa\Pesquisa - Karielly\outputs_binary\crops\normal\img387_cell0765_normal.png,teste,4,0.019870713,0,normal,1
277,449a3b9bd9ad2cc080d8960bb3834968.png,3308,Negative for intraepithelial lesion,normal,0,123,405,C:\Users\jeanc\OneDrive\Área de Trabalho\Pesquisa\Pesquisa - Karielly\cric_cervix\images\cric_image_277_449a3b9bd9ad2cc080d8960bb3834968.png,C:\Users\jeanc\OneDrive\Área de Trabalho\Pesquisa\Pesquisa - Karielly\outputs_binary\crops\normal\img277_cell3308_normal.png,treino,4,0.017678348,0,normal,1
245,fb8f92d163cb0370fa7fa8e7bbaa4edc.png,4125,Negative for intraepithelial lesion,normal,0,512,426,C:\Users\jeanc\OneDrive\Área de Trabalho\Pesquisa\Pesquisa - Karielly\cric_cervix\images\cric_image_245_fb8f92d163cb0370fa7fa8e7bbaa4edc.png,C:\Users\jeanc\OneDrive\Área de Trabalho\Pesquisa\Pesquisa - Karielly\outputs_binary\crops\normal\img245_cell4125_normal.png,treino,4,0.43728274,0,normal,1
371,674fd708f0a5faed1e7057724ef43fb4.png,1176,Negative for intraepithelial lesion,normal,0,1205,988,C:\Users\jeanc\OneDrive\Área de Trabalho\Pesquisa\Pesquisa - Karielly\cric_cervix\images\cric_image_371_674fd708f0a5faed1e7057724ef43fb4.png,C:\Users\jeanc\OneDrive\Área de Trabalho\Pesquisa\Pesquisa - Karielly\outputs_binary\crops\normal\img371_cell1176_normal.png,treino,4,0.00798427,0,normal,1
149,4dbb52e87bc98d0d5a10cc0dc05fdc3f.png,5972,Negative for intraepithelial lesion,normal,0,785,669,C:\Users\jeanc\OneDrive\Área de Trabalho\Pesquisa\Pesquisa - Karielly\cric_cervix\images\cric_image_149_4dbb52e87bc98d0d5a10cc0dc05fdc3f.png,C:\Users\jeanc\OneDrive\Área de Trabalho\Pesquisa\Pesquisa - Karielly\outputs_binary\crops\normal\img149_cell5972_normal.png,validacao,4,0.0076658744,0,normal,1
149,4dbb52e87bc98d0d5a10cc0dc05fdc3f.png,5943,Negative for intraepithelial lesion,normal,0,447,35,C:\Users\jeanc\OneDrive\Área de Trabalho\Pesquisa\Pesquisa - Karielly\cric_cervix\images\cric_image_149_4dbb52e87bc98d0d5a10cc0dc05fdc3f.png,C:\Users\jeanc\OneDrive\Área de Trabalho\Pesquisa\Pesquisa - Karielly\outputs_binary\crops\normal\img149_cell5943_normal.png,validacao,4,0.008187911,0,normal,1
252,da51093be0db6b3ccd477a6aeddc2261.png,3885,Negative for intraepithelial lesion,normal,0,642,824,C:\Users\jeanc\OneDrive\Área de Trabalho\Pesquisa\Pesquisa - Karielly\cric_cervix\images\cric_image_252_da51093be0db6b3ccd477a6aeddc2261.png,C:\Users\jeanc\OneDrive\Área de Trabalho\Pesquisa\Pesquisa - Karielly\outputs_binary\crops\normal\img252_cell3885_normal.png,treino,4,0.012784187,0,normal,1
143,c01b36e0a384197ca9a2e6bcd2c552e1.png,6251,Negative for intraepithelial lesion,normal,0,1182,655,C:\Users\jeanc\OneDrive\Área de Trabalho\Pesquisa\Pesquisa - Karielly\cric_cervix\images\cric_image_143_c01b36e0a384197ca9a2e6bcd2c552e1.png,C:\Users\jeanc\OneDrive\Área de Trabalho\Pesquisa\Pesquisa - Karielly\outputs_binary\crops\normal\img143_cell6251_normal.png,treino,4,0.009559399,0,normal,1
339,9073bf65a95626d36c392876535fbd34.png,2063,Negative for intraepithelial lesion,normal,0,975,779,C:\Users\jeanc\OneDrive\Área de Trabalho\Pesquisa\Pesquisa - Karielly\cric_cervix\images\cric_image_339_9073bf65a95626d36c392876535fbd34.png,C:\Users\jeanc\OneDrive\Área de Trabalho\Pesquisa\Pesquisa - Karielly\outputs_binary\crops\normal\img339_cell2063_normal.png,validacao,4,0.34185708,0,normal,1
15,fe7dccb72ee17d6776970bdb5e5ba3ba.png,11162,Negative for intraepithelial lesion,normal,0,695,730,C:\Users\jeanc\OneDrive\Área de Trabalho\Pesquisa\Pesquisa - Karielly\cric_cervix\images\cric_image_015_fe7dccb72ee17d6776970bdb5e5ba3ba.png,C:\Users\jeanc\OneDrive\Área de Trabalho\Pesquisa\Pesquisa - Karielly\outputs_binary\crops\normal\img015_cell11162_normal.png,treino,4,0.015769396,0,normal,1
365,6276a59c41a41f34b59a647c412a9ab6.png,1315,Negative for intraepithelial lesion,normal,0,695,549,C:\Users\jeanc\OneDrive\Área de Trabalho\Pesquisa\Pesquisa - Karielly\cric_cervix\images\cric_image_365_6276a59c41a41f34b59a647c412a9ab6.png,C:\Users\jeanc\OneDrive\Área de Trabalho\Pesquisa\Pesquisa - Karielly\outputs_binary\crops\normal\img365_cell1315_normal.png,treino,4,0.080719054,0,normal,1
371,674fd708f0a5faed1e7057724ef43fb4.png,1161,Negative for intraepithelial lesion,normal,0,1087,247,C:\Users\jeanc\OneDrive\Área de Trabalho\Pesquisa\Pesquisa - Karielly\cric_cervix\images\cric_image_371_674fd708f0a5faed1e7057724ef43fb4.png,C:\Users\jeanc\OneDrive\Área de Trabalho\Pesquisa\Pesquisa - Karielly\outputs_binary\crops\normal\img371_cell1161_normal.png,treino,4,0.011485951,0,normal,1
267,f7b28bd33b541782b308e1a3ef84995a.png,3573,Negative for intraepithelial lesion,normal,0,587,549,C:\Users\jeanc\OneDrive\Área de Trabalho\Pesquisa\Pesquisa - Karielly\cric_cervix\images\cric_image_267_f7b28bd33b541782b308e1a3ef84995a.png,C:\Users\jeanc\OneDrive\Área de Trabalho\Pesquisa\Pesquisa - Karielly\outputs_binary\crops\normal\img267_cell3573_normal.png,validacao,4,0.012194132,0,normal,1
387,b5bc96650b0315465891547e78e4490c.png,774,Negative for intraepithelial lesion,normal,0,274,375,C:\Users\jeanc\OneDrive\Área de Trabalho\Pesquisa\Pesquisa - Karielly\cric_cervix\images\cric_image_387_b5bc96650b0315465891547e78e4490c.png,C:\Users\jeanc\OneDrive\Área de Trabalho\Pesquisa\Pesquisa - Karielly\outputs_binary\crops\normal\img387_cell0774_normal.png,teste,4,0.012241274,0,normal,1
267,f7b28bd33b541782b308e1a3ef84995a.png,3571,Negative for intraepithelial lesion,normal,0,943,405,C:\Users\jeanc\OneDrive\Área de Trabalho\Pesquisa\Pesquisa - Karielly\cric_cervix\images\cric_image_267_f7b28bd33b541782b308e1a3ef84995a.png,C:\Users\jeanc\OneDrive\Área de Trabalho\Pesquisa\Pesquisa - Karielly\outputs_binary\crops\normal\img267_cell3571_normal.png,validacao,4,0.02199022,0,normal,1
339,9073bf65a95626d36c392876535fbd34.png,2043,Negative for intraepithelial lesion,normal,0,82,810,C:\Users\jeanc\OneDrive\Área de Trabalho\Pesquisa\Pesquisa - Karielly\cric_cervix\images\cric_image_339_9073bf65a95626d36c392876535fbd34.png,C:\Users\jeanc\OneDrive\Área de Trabalho\Pesquisa\Pesquisa - Karielly\outputs_binary\crops\normal\img339_cell2043_normal.png,validacao,4,0.01042845,0,normal,1
245,fb8f92d163cb0370fa7fa8e7bbaa4edc.png,4102,Negative for intraepithelial lesion,normal,0,844,238,C:\Users\jeanc\OneDrive\Área de Trabalho\Pesquisa\Pesquisa - Karielly\cric_cervix\images\cric_image_245_fb8f92d163cb0370fa7fa8e7bbaa4edc.png,C:\Users\jeanc\OneDrive\Área de Trabalho\Pesquisa\Pesquisa - Karielly\outputs_binary\crops\normal\img245_cell4102_normal.png,treino,4,0.010550081,0,normal,1
252,da51093be0db6b3ccd477a6aeddc2261.png,3892,LSIL,anormal,1,539,509,C:\Users\jeanc\OneDrive\Área de Trabalho\Pesquisa\Pesquisa - Karielly\cric_cervix\images\cric_image_252_da51093be0db6b3ccd477a6aeddc2261.png,C:\Users\jeanc\OneDrive\Área de Trabalho\Pesquisa\Pesquisa - Karielly\outputs_binary\crops\anormal\img252_cell3892_anormal.png,treino,4,0.9840936,1,anormal,1
74,62b10ef656ce919574d9479871af5aee.png,8395,HSIL,anormal,1,248,288,C:\Users\jeanc\OneDrive\Área de Trabalho\Pesquisa\Pesquisa - Karielly\cric_cervix\images\cric_image_074_62b10ef656ce919574d9479871af5aee.png,C:\Users\jeanc\OneDrive\Área de Trabalho\Pesquisa\Pesquisa - Karielly\outputs_binary\crops\anormal\img074_cell8395_anormal.png,teste,4,0.98667485,1,anormal,1
397,dbf4ff8985d6e352b46cd8f42add72e8.png,213,HSIL,anormal,1,888,373,C:\Users\jeanc\OneDrive\Área de Trabalho\Pesquisa\Pesquisa - Karielly\cric_cervix\images\cric_image_397_dbf4ff8985d6e352b46cd8f42add72e8.png,C:\Users\jeanc\OneDrive\Área de Trabalho\Pesquisa\Pesquisa - Karielly\outputs_binary\crops\anormal\img397_cell0213_anormal.png,validacao,4,0.9685601,1,anormal,1
69,eb47620da7f5e3594085fb3279b1904a.png,8763,HSIL,anormal,1,513,444,C:\Users\jeanc\OneDrive\Área de Trabalho\Pesquisa\Pesquisa - Karielly\cric_cervix\images\cric_image_069_eb47620da7f5e3594085fb3279b1904a.png,C:\Users\jeanc\OneDrive\Área de Trabalho\Pesquisa\Pesquisa - Karielly\outputs_binary\crops\anormal\img069_cell8763_anormal.png,treino,4,0.98722816,1,anormal,1
339,9073bf65a95626d36c392876535fbd34.png,1979,ASC-H,anormal,1,955,255,C:\Users\jeanc\OneDrive\Área de Trabalho\Pesquisa\Pesquisa - Karielly\cric_cervix\images\cric_image_339_9073bf65a95626d36c392876535fbd34.png,C:\Users\jeanc\OneDrive\Área de Trabalho\Pesquisa\Pesquisa - Karielly\outputs_binary\crops\anormal\img339_cell1979_anormal.png,validacao,4,0.9911527,1,anormal,1
76,5e0c3876e86a354de6847e17b71133a4.png,8298,HSIL,anormal,1,462,548,C:\Users\jeanc\OneDrive\Área de Trabalho\Pesquisa\Pesquisa - Karielly\cric_cervix\images\cric_image_076_5e0c3876e86a354de6847e17b71133a4.png,C:\Users\jeanc\OneDrive\Área de Trabalho\Pesquisa\Pesquisa - Karielly\outputs_binary\crops\anormal\img076_cell8298_anormal.png,validacao,4,0.9890976,1,anormal,1
96,c9b3f954a9d1e35591818b6c493facb9.png,7709,LSIL,anormal,1,1166,783,C:\Users\jeanc\OneDrive\Área de Trabalho\Pesquisa\Pesquisa - Karielly\cric_cervix\images\cric_image_096_c9b3f954a9d1e35591818b6c493facb9.png,C:\Users\jeanc\OneDrive\Área de Trabalho\Pesquisa\Pesquisa - Karielly\outputs_binary\crops\anormal\img096_cell7709_anormal.png,treino,4,0.98508596,1,anormal,1
252,da51093be0db6b3ccd477a6aeddc2261.png,3891,LSIL,anormal,1,448,476,C:\Users\jeanc\OneDrive\Área de Trabalho\Pesquisa\Pesquisa - Karielly\cric_cervix\images\cric_image_252_da51093be0db6b3ccd477a6aeddc2261.png,C:\Users\jeanc\OneDrive\Área de Trabalho\Pesquisa\Pesquisa - Karielly\outputs_binary\crops\anormal\img252_cell3891_anormal.png,treino,4,0.97949183,1,anormal,1
46,2c0c4f9db92dc5b996c4e1b90aa2a0ec.png,10075,ASC-H,anormal,1,573,469,C:\Users\jeanc\OneDrive\Área de Trabalho\Pesquisa\Pesquisa - Karielly\cric_cervix\images\cric_image_046_2c0c4f9db92dc5b996c4e1b90aa2a0ec.png,C:\Users\jeanc\OneDrive\Área de Trabalho\Pesquisa\Pesquisa - Karielly\outputs_binary\crops\anormal\img046_cell10075_anormal.png,teste,4,0.98398626,1,anormal,1
91,18f547031e43fa4fa11c2ceb03d1aaaa.png,7887,ASC-US,anormal,1,1053,169,C:\Users\jeanc\OneDrive\Área de Trabalho\Pesquisa\Pesquisa - Karielly\cric_cervix\images\cric_image_091_18f547031e43fa4fa11c2ceb03d1aaaa.png,C:\Users\jeanc\OneDrive\Área de Trabalho\Pesquisa\Pesquisa - Karielly\outputs_binary\crops\anormal\img091_cell7887_anormal.png,teste,4,0.9678689,1,anormal,1
292,35323790c9bcae22c96ab32a2fc165b9.png,2985,ASC-US,anormal,1,493,440,C:\Users\jeanc\OneDrive\Área de Trabalho\Pesquisa\Pesquisa - Karielly\cric_cervix\images\cric_image_292_35323790c9bcae22c96ab32a2fc165b9.png,C:\Users\jeanc\OneDrive\Área de Trabalho\Pesquisa\Pesquisa - Karielly\outputs_binary\crops\anormal\img292_cell2985_anormal.png,treino,4,0.9828068,1,anormal,1
387,b5bc96650b0315465891547e78e4490c.png,762,ASC-US,anormal,1,265,734,C:\Users\jeanc\OneDrive\Área de Trabalho\Pesquisa\Pesquisa - Karielly\cric_cervix\images\cric_image_387_b5bc96650b0315465891547e78e4490c.png,C:\Users\jeanc\OneDrive\Área de Trabalho\Pesquisa\Pesquisa - Karielly\outputs_binary\crops\anormal\img387_cell0762_anormal.png,teste,4,0.685002,1,anormal,1
70,5e5f9e511001c3ead65b7dc51897a1ba.png,8799,HSIL,anormal,1,654,92,C:\Users\jeanc\OneDrive\Área de Trabalho\Pesquisa\Pesquisa - Karielly\cric_cervix\images\cric_image_070_5e5f9e511001c3ead65b7dc51897a1ba.png,C:\Users\jeanc\OneDrive\Área de Trabalho\Pesquisa\Pesquisa - Karielly\outputs_binary\crops\anormal\img070_cell8799_anormal.png,treino,4,0.9865976,1,anormal,1
91,18f547031e43fa4fa11c2ceb03d1aaaa.png,7831,SCC,anormal,1,863,379,C:\Users\jeanc\OneDrive\Área de Trabalho\Pesquisa\Pesquisa - Karielly\cric_cervix\images\cric_image_091_18f547031e43fa4fa11c2ceb03d1aaaa.png,C:\Users\jeanc\OneDrive\Área de Trabalho\Pesquisa\Pesquisa - Karielly\outputs_binary\crops\anormal\img091_cell7831_anormal.png,teste,4,0.99108386,1,anormal,1
69,eb47620da7f5e3594085fb3279b1904a.png,8774,LSIL,anormal,1,306,835,C:\Users\jeanc\OneDrive\Área de Trabalho\Pesquisa\Pesquisa - Karielly\cric_cervix\images\cric_image_069_eb47620da7f5e3594085fb3279b1904a.png,C:\Users\jeanc\OneDrive\Área de Trabalho\Pesquisa\Pesquisa - Karielly\outputs_binary\crops\anormal\img069_cell8774_anormal.png,treino,4,0.9541374,1,anormal,1
74,62b10ef656ce919574d9479871af5aee.png,8421,HSIL,anormal,1,903,639,C:\Users\jeanc\OneDrive\Área de Trabalho\Pesquisa\Pesquisa - Karielly\cric_cervix\images\cric_image_074_62b10ef656ce919574d9479871af5aee.png,C:\Users\jeanc\OneDrive\Área de Trabalho\Pesquisa\Pesquisa - Karielly\outputs_binary\crops\anormal\img074_cell8421_anormal.png,teste,4,0.9890554,1,anormal,1
46,2c0c4f9db92dc5b996c4e1b90aa2a0ec.png,10077,ASC-H,anormal,1,529,452,C:\Users\jeanc\OneDrive\Área de Trabalho\Pesquisa\Pesquisa - Karielly\cric_cervix\images\cric_image_046_2c0c4f9db92dc5b996c4e1b90aa2a0ec.png,C:\Users\jeanc\OneDrive\Área de Trabalho\Pesquisa\Pesquisa - Karielly\outputs_binary\crops\anormal\img046_cell10077_anormal.png,teste,4,0.9806364,1,anormal,1
245,fb8f92d163cb0370fa7fa8e7bbaa4edc.png,4120,LSIL,anormal,1,251,707,C:\Users\jeanc\OneDrive\Área de Trabalho\Pesquisa\Pesquisa - Karielly\cric_cervix\images\cric_image_245_fb8f92d163cb0370fa7fa8e7bbaa4edc.png,C:\Users\jeanc\OneDrive\Área de Trabalho\Pesquisa\Pesquisa - Karielly\outputs_binary\crops\anormal\img245_cell4120_anormal.png,treino,4,0.19110113,0,normal,0
397,dbf4ff8985d6e352b46cd8f42add72e8.png,142,HSIL,anormal,1,240,603,C:\Users\jeanc\OneDrive\Área de Trabalho\Pesquisa\Pesquisa - Karielly\cric_cervix\images\cric_image_397_dbf4ff8985d6e352b46cd8f42add72e8.png,C:\Users\jeanc\OneDrive\Área de Trabalho\Pesquisa\Pesquisa - Karielly\outputs_binary\crops\anormal\img397_cell0142_anormal.png,validacao,4,0.9777776,1,anormal,1
285,14ea41d8e885c165390da7e03f594d9d.png,3090,ASC-US,anormal,1,493,468,C:\Users\jeanc\OneDrive\Área de Trabalho\Pesquisa\Pesquisa - Karielly\cric_cervix\images\cric_image_285_14ea41d8e885c165390da7e03f594d9d.png,C:\Users\jeanc\OneDrive\Área de Trabalho\Pesquisa\Pesquisa - Karielly\outputs_binary\crops\anormal\img285_cell3090_anormal.png,treino,4,0.8451773,1,anormal,1
398,0cc6e576dac3046d279bba515e10a7a9.png,130,HSIL,anormal,1,751,505,C:\Users\jeanc\OneDrive\Área de Trabalho\Pesquisa\Pesquisa - Karielly\cric_cervix\images\cric_image_398_0cc6e576dac3046d279bba515e10a7a9.png,C:\Users\jeanc\OneDrive\Área de Trabalho\Pesquisa\Pesquisa - Karielly\outputs_binary\crops\anormal\img398_cell0130_anormal.png,treino,4,0.98270744,1,anormal,1
397,dbf4ff8985d6e352b46cd8f42add72e8.png,146,HSIL,anormal,1,317,586,C:\Users\jeanc\OneDrive\Área de Trabalho\Pesquisa\Pesquisa - Karielly\cric_cervix\images\cric_image_397_dbf4ff8985d6e352b46cd8f42add72e8.png,C:\Users\jeanc\OneDrive\Área de Trabalho\Pesquisa\Pesquisa - Karielly\outputs_binary\crops\anormal\img397_cell0146_anormal.png,validacao,4,0.9861914,1,anormal,1
397,dbf4ff8985d6e352b46cd8f42add72e8.png,195,HSIL,anormal,1,1105,589,C:\Users\jeanc\OneDrive\Área de Trabalho\Pesquisa\Pesquisa - Karielly\cric_cervix\images\cric_image_397_dbf4ff8985d6e352b46cd8f42add72e8.png,C:\Users\jeanc\OneDrive\Área de Trabalho\Pesquisa\Pesquisa - Karielly\outputs_binary\crops\anormal\img397_cell0195_anormal.png,validacao,4,0.98045003,1,anormal,1
285,14ea41d8e885c165390da7e03f594d9d.png,3091,ASC-US,anormal,1,552,517,C:\Users\jeanc\OneDrive\Área de Trabalho\Pesquisa\Pesquisa - Karielly\cric_cervix\images\cric_image_285_14ea41d8e885c165390da7e03f594d9d.png,C:\Users\jeanc\OneDrive\Área de Trabalho\Pesquisa\Pesquisa - Karielly\outputs_binary\crops\anormal\img285_cell3091_anormal.png,treino,4,0.6481324,1,anormal,1
69,eb47620da7f5e3594085fb3279b1904a.png,8778,LSIL,anormal,1,841,819,C:\Users\jeanc\OneDrive\Área de Trabalho\Pesquisa\Pesquisa - Karielly\cric_cervix\images\cric_image_069_eb47620da7f5e3594085fb3279b1904a.png,C:\Users\jeanc\OneDrive\Área de Trabalho\Pesquisa\Pesquisa - Karielly\outputs_binary\crops\anormal\img069_cell8778_anormal.png,treino,4,0.77072376,1,anormal,1
76,5e0c3876e86a354de6847e17b71133a4.png,8328,HSIL,anormal,1,860,688,C:\Users\jeanc\OneDrive\Área de Trabalho\Pesquisa\Pesquisa - Karielly\cric_cervix\images\cric_image_076_5e0c3876e86a354de6847e17b71133a4.png,C:\Users\jeanc\OneDrive\Área de Trabalho\Pesquisa\Pesquisa - Karielly\outputs_binary\crops\anormal\img076_cell8328_anormal.png,validacao,4,0.98600394,1,anormal,1
76,5e0c3876e86a354de6847e17b71133a4.png,8282,HSIL,anormal,1,278,398,C:\Users\jeanc\OneDrive\Área de Trabalho\Pesquisa\Pesquisa - Karielly\cric_cervix\images\cric_image_076_5e0c3876e86a354de6847e17b71133a4.png,C:\Users\jeanc\OneDrive\Área de Trabalho\Pesquisa\Pesquisa - Karielly\outputs_binary\crops\anormal\img076_cell8282_anormal.png,validacao,4,0.9866877,1,anormal,1
397,dbf4ff8985d6e352b46cd8f42add72e8.png,159,HSIL,anormal,1,435,601,C:\Users\jeanc\OneDrive\Área de Trabalho\Pesquisa\Pesquisa - Karielly\cric_cervix\images\cric_image_397_dbf4ff8985d6e352b46cd8f42add72e8.png,C:\Users\jeanc\OneDrive\Área de Trabalho\Pesquisa\Pesquisa - Karielly\outputs_binary\crops\anormal\img397_cell0159_anormal.png,validacao,4,0.9864287,1,anormal,1
245,fb8f92d163cb0370fa7fa8e7bbaa4edc.png,4107,LSIL,anormal,1,419,319,C:\Users\jeanc\OneDrive\Área de Trabalho\Pesquisa\Pesquisa - Karielly\cric_cervix\images\cric_image_245_fb8f92d163cb0370fa7fa8e7bbaa4edc.png,C:\Users\jeanc\OneDrive\Área de Trabalho\Pesquisa\Pesquisa - Karielly\outputs_binary\crops\anormal\img245_cell4107_anormal.png,treino,4,0.07928158,0,normal,0
174,4b474d44ad6dd5b66d25d339db5fe138.png,5468,LSIL,anormal,1,267,693,C:\Users\jeanc\OneDrive\Área de Trabalho\Pesquisa\Pesquisa - Karielly\cric_cervix\images\cric_image_174_4b474d44ad6dd5b66d25d339db5fe138.png,C:\Users\jeanc\OneDrive\Área de Trabalho\Pesquisa\Pesquisa - Karielly\outputs_binary\crops\anormal\img174_cell5468_anormal.png,validacao,4,0.95791227,1,anormal,1
86,de81ced6d8b99536da382f09b4290d70.png,8009,HSIL,anormal,1,107,799,C:\Users\jeanc\OneDrive\Área de Trabalho\Pesquisa\Pesquisa - Karielly\cric_cervix\images\cric_image_086_de81ced6d8b99536da382f09b4290d70.png,C:\Users\jeanc\OneDrive\Área de Trabalho\Pesquisa\Pesquisa - Karielly\outputs_binary\crops\anormal\img086_cell8009_anormal.png,treino,4,0.982524,1,anormal,1
185,c02a44c85b736dce9991d38c3f5fdd14.png,5309,LSIL,anormal,1,1253,625,C:\Users\jeanc\OneDrive\Área de Trabalho\Pesquisa\Pesquisa - Karielly\cric_cervix\images\cric_image_185_c02a44c85b736dce9991d38c3f5fdd14.png,C:\Users\jeanc\OneDrive\Área de Trabalho\Pesquisa\Pesquisa - Karielly\outputs_binary\crops\anormal\img185_cell5309_anormal.png,treino,4,0.9875564,1,anormal,1
182,c63289c59bca91f80b2dde9ac013cc57.png,5342,LSIL,anormal,1,323,306,C:\Users\jeanc\OneDrive\Área de Trabalho\Pesquisa\Pesquisa - Karielly\cric_cervix\images\cric_image_182_c63289c59bca91f80b2dde9ac013cc57.png,C:\Users\jeanc\OneDrive\Área de Trabalho\Pesquisa\Pesquisa - Karielly\outputs_binary\crops\anormal\img182_cell5342_anormal.png,validacao,4,0.9889492,1,anormal,1
69,eb47620da7f5e3594085fb3279b1904a.png,8780,LSIL,anormal,1,1011,262,C:\Users\jeanc\OneDrive\Área de Trabalho\Pesquisa\Pesquisa - Karielly\cric_cervix\images\cric_image_069_eb47620da7f5e3594085fb3279b1904a.png,C:\Users\jeanc\OneDrive\Área de Trabalho\Pesquisa\Pesquisa - Karielly\outputs_binary\crops\anormal\img069_cell8780_anormal.png,treino,4,0.04020025,0,normal,0
91,18f547031e43fa4fa11c2ceb03d1aaaa.png,7879,HSIL,anormal,1,1007,533,C:\Users\jeanc\OneDrive\Área de Trabalho\Pesquisa\Pesquisa - Karielly\cric_cervix\images\cric_image_091_18f547031e43fa4fa11c2ceb03d1aaaa.png,C:\Users\jeanc\OneDrive\Área de Trabalho\Pesquisa\Pesquisa - Karielly\outputs_binary\crops\anormal\img091_cell7879_anormal.png,teste,4,0.98830146,1,anormal,1
307,532d83297919d817648393a46f6835db.png,2756,LSIL,anormal,1,919,341,C:\Users\jeanc\OneDrive\Área de Trabalho\Pesquisa\Pesquisa - Karielly\cric_cervix\images\cric_image_307_532d83297919d817648393a46f6835db.png,C:\Users\jeanc\OneDrive\Área de Trabalho\Pesquisa\Pesquisa - Karielly\outputs_binary\crops\anormal\img307_cell2756_anormal.png,treino,4,0.97032446,1,anormal,1
387,b5bc96650b0315465891547e78e4490c.png,757,ASC-H,anormal,1,928,633,C:\Users\jeanc\OneDrive\Área de Trabalho\Pesquisa\Pesquisa - Karielly\cric_cervix\images\cric_image_387_b5bc96650b0315465891547e78e4490c.png,C:\Users\jeanc\OneDrive\Área de Trabalho\Pesquisa\Pesquisa - Karielly\outputs_binary\crops\anormal\img387_cell0757_anormal.png,teste,4,0.9704367,1,anormal,1
252,da51093be0db6b3ccd477a6aeddc2261.png,3897,LSIL,anormal,1,1226,549,C:\Users\jeanc\OneDrive\Área de Trabalho\Pesquisa\Pesquisa - Karielly\cric_cervix\images\cric_image_252_da51093be0db6b3ccd477a6aeddc2261.png,C:\Users\jeanc\OneDrive\Área de Trabalho\Pesquisa\Pesquisa - Karielly\outputs_binary\crops\anormal\img252_cell3897_anormal.png,treino,4,0.70309097,1,anormal,1
176,5613e617f960b8414dbec5aa38647f96.png,5429,LSIL,anormal,1,449,61,C:\Users\jeanc\OneDrive\Área de Trabalho\Pesquisa\Pesquisa - Karielly\cric_cervix\images\cric_image_176_5613e617f960b8414dbec5aa38647f96.png,C:\Users\jeanc\OneDrive\Área de Trabalho\Pesquisa\Pesquisa - Karielly\outputs_binary\crops\anormal\img176_cell5429_anormal.png,treino,4,0.9828562,1,anormal,1
70,5e5f9e511001c3ead65b7dc51897a1ba.png,8825,HSIL,anormal,1,587,729,C:\Users\jeanc\OneDrive\Área de Trabalho\Pesquisa\Pesquisa - Karielly\cric_cervix\images\cric_image_070_5e5f9e511001c3ead65b7dc51897a1ba.png,C:\Users\jeanc\OneDrive\Área de Trabalho\Pesquisa\Pesquisa - Karielly\outputs_binary\crops\anormal\img070_cell8825_anormal.png,treino,4,0.98331094,1,anormal,1
70,5e5f9e511001c3ead65b7dc51897a1ba.png,8826,HSIL,anormal,1,603,639,C:\Users\jeanc\OneDrive\Área de Trabalho\Pesquisa\Pesquisa - Karielly\cric_cervix\images\cric_image_070_5e5f9e511001c3ead65b7dc51897a1ba.png,C:\Users\jeanc\OneDrive\Área de Trabalho\Pesquisa\Pesquisa - Karielly\outputs_binary\crops\anormal\img070_cell8826_anormal.png,treino,4,0.97923523,1,anormal,1
47,80f0bb35228273e50637a673be666337.png,10016,ASC-H,anormal,1,329,182,C:\Users\jeanc\OneDrive\Área de Trabalho\Pesquisa\Pesquisa - Karielly\cric_cervix\images\cric_image_047_80f0bb35228273e50637a673be666337.png,C:\Users\jeanc\OneDrive\Área de Trabalho\Pesquisa\Pesquisa - Karielly\outputs_binary\crops\anormal\img047_cell10016_anormal.png,validacao,4,0.5998075,1,anormal,1
91,18f547031e43fa4fa11c2ceb03d1aaaa.png,7862,HSIL,anormal,1,687,483,C:\Users\jeanc\OneDrive\Área de Trabalho\Pesquisa\Pesquisa - Karielly\cric_cervix\images\cric_image_091_18f547031e43fa4fa11c2ceb03d1aaaa.png,C:\Users\jeanc\OneDrive\Área de Trabalho\Pesquisa\Pesquisa - Karielly\outputs_binary\crops\anormal\img091_cell7862_anormal.png,teste,4,0.9893372,1,anormal,1
397,dbf4ff8985d6e352b46cd8f42add72e8.png,217,HSIL,anormal,1,998,386,C:\Users\jeanc\OneDrive\Área de Trabalho\Pesquisa\Pesquisa - Karielly\cric_cervix\images\cric_image_397_dbf4ff8985d6e352b46cd8f42add72e8.png,C:\Users\jeanc\OneDrive\Área de Trabalho\Pesquisa\Pesquisa - Karielly\outputs_binary\crops\anormal\img397_cell0217_anormal.png,validacao,4,0.95735765,1,anormal,1
91,18f547031e43fa4fa11c2ceb03d1aaaa.png,7892,HSIL,anormal,1,600,312,C:\Users\jeanc\OneDrive\Área de Trabalho\Pesquisa\Pesquisa - Karielly\cric_cervix\images\cric_image_091_18f547031e43fa4fa11c2ceb03d1aaaa.png,C:\Users\jeanc\OneDrive\Área de Trabalho\Pesquisa\Pesquisa - Karielly\outputs_binary\crops\anormal\img091_cell7892_anormal.png,teste,4,0.988062,1,anormal,1
398,0cc6e576dac3046d279bba515e10a7a9.png,118,HSIL,anormal,1,262,889,C:\Users\jeanc\OneDrive\Área de Trabalho\Pesquisa\Pesquisa - Karielly\cric_cervix\images\cric_image_398_0cc6e576dac3046d279bba515e10a7a9.png,C:\Users\jeanc\OneDrive\Área de Trabalho\Pesquisa\Pesquisa - Karielly\outputs_binary\crops\anormal\img398_cell0118_anormal.png,treino,4,0.96903247,1,anormal,1
373,19b7ae0c1983488b205056be14cb8d3f.png,1091,ASC-US,anormal,1,545,599,C:\Users\jeanc\OneDrive\Área de Trabalho\Pesquisa\Pesquisa - Karielly\cric_cervix\images\cric_image_373_19b7ae0c1983488b205056be14cb8d3f.png,C:\Users\jeanc\OneDrive\Área de Trabalho\Pesquisa\Pesquisa - Karielly\outputs_binary\crops\anormal\img373_cell1091_anormal.png,treino,4,0.9849274,1,anormal,1
74,62b10ef656ce919574d9479871af5aee.png,8431,HSIL,anormal,1,957,458,C:\Users\jeanc\OneDrive\Área de Trabalho\Pesquisa\Pesquisa - Karielly\cric_cervix\images\cric_image_074_62b10ef656ce919574d9479871af5aee.png,C:\Users\jeanc\OneDrive\Área de Trabalho\Pesquisa\Pesquisa - Karielly\outputs_binary\crops\anormal\img074_cell8431_anormal.png,teste,4,0.98544043,1,anormal,1
75,458d0586e1dc5d723b54924fa1a75ab1.png,8475,HSIL,anormal,1,846,518,C:\Users\jeanc\OneDrive\Área de Trabalho\Pesquisa\Pesquisa - Karielly\cric_cervix\images\cric_image_075_458d0586e1dc5d723b54924fa1a75ab1.png,C:\Users\jeanc\OneDrive\Área de Trabalho\Pesquisa\Pesquisa - Karielly\outputs_binary\crops\anormal\img075_cell8475_anormal.png,treino,4,0.98816514,1,anormal,1
76,5e0c3876e86a354de6847e17b71133a4.png,8286,HSIL,anormal,1,387,282,C:\Users\jeanc\OneDrive\Área de Trabalho\Pesquisa\Pesquisa - Karielly\cric_cervix\images\cric_image_076_5e0c3876e86a354de6847e17b71133a4.png,C:\Users\jeanc\OneDrive\Área de Trabalho\Pesquisa\Pesquisa - Karielly\outputs_binary\crops\anormal\img076_cell8286_anormal.png,validacao,4,0.98731405,1,anormal,1
192,5c7feaaf66d0981fe28378fbab186509.png,5194,LSIL,anormal,1,1182,122,C:\Users\jeanc\OneDrive\Área de Trabalho\Pesquisa\Pesquisa - Karielly\cric_cervix\images\cric_image_192_5c7feaaf66d0981fe28378fbab186509.png,C:\Users\jeanc\OneDrive\Área de Trabalho\Pesquisa\Pesquisa - Karielly\outputs_binary\crops\anormal\img192_cell5194_anormal.png,treino,4,0.7107287,1,anormal,1
306,8c21e0dc6b8fbeddfd6f9923b4b1054c.png,2771,LSIL,anormal,1,332,431,C:\Users\jeanc\OneDrive\Área de Trabalho\Pesquisa\Pesquisa - Karielly\cric_cervix\images\cric_image_306_8c21e0dc6b8fbeddfd6f9923b4b1054c.png,C:\Users\jeanc\OneDrive\Área de Trabalho\Pesquisa\Pesquisa - Karielly\outputs_binary\crops\anormal\img306_cell2771_anormal.png,validacao,4,0.9848401,1,anormal,1
76,5e0c3876e86a354de6847e17b71133a4.png,8280,HSIL,anormal,1,219,305,C:\Users\jeanc\OneDrive\Área de Trabalho\Pesquisa\Pesquisa - Karielly\cric_cervix\images\cric_image_076_5e0c3876e86a354de6847e17b71133a4.png,C:\Users\jeanc\OneDrive\Área de Trabalho\Pesquisa\Pesquisa - Karielly\outputs_binary\crops\anormal\img076_cell8280_anormal.png,validacao,4,0.9894907,1,anormal,1
397,dbf4ff8985d6e352b46cd8f42add72e8.png,152,HSIL,anormal,1,347,429,C:\Users\jeanc\OneDrive\Área de Trabalho\Pesquisa\Pesquisa - Karielly\cric_cervix\images\cric_image_397_dbf4ff8985d6e352b46cd8f42add72e8.png,C:\Users\jeanc\OneDrive\Área de Trabalho\Pesquisa\Pesquisa - Karielly\outputs_binary\crops\anormal\img397_cell0152_anormal.png,validacao,4,0.96391606,1,anormal,1
47,80f0bb35228273e50637a673be666337.png,10020,ASC-H,anormal,1,530,182,C:\Users\jeanc\OneDrive\Área de Trabalho\Pesquisa\Pesquisa - Karielly\cric_cervix\images\cric_image_047_80f0bb35228273e50637a673be666337.png,C:\Users\jeanc\OneDrive\Área de Trabalho\Pesquisa\Pesquisa - Karielly\outputs_binary\crops\anormal\img047_cell10020_anormal.png,validacao,4,0.9811307,1,anormal,1
96,c9b3f954a9d1e35591818b6c493facb9.png,7708,LSIL,anormal,1,1128,813,C:\Users\jeanc\OneDrive\Área de Trabalho\Pesquisa\Pesquisa - Karielly\cric_cervix\images\cric_image_096_c9b3f954a9d1e35591818b6c493facb9.png,C:\Users\jeanc\OneDrive\Área de Trabalho\Pesquisa\Pesquisa - Karielly\outputs_binary\crops\anormal\img096_cell7708_anormal.png,treino,4,0.9850573,1,anormal,1
91,18f547031e43fa4fa11c2ceb03d1aaaa.png,7875,ASC-US,anormal,1,542,793,C:\Users\jeanc\OneDrive\Área de Trabalho\Pesquisa\Pesquisa - Karielly\cric_cervix\images\cric_image_091_18f547031e43fa4fa11c2ceb03d1aaaa.png,C:\Users\jeanc\OneDrive\Área de Trabalho\Pesquisa\Pesquisa - Karielly\outputs_binary\crops\anormal\img091_cell7875_anormal.png,teste,4,0.9831013,1,anormal,1
192,5c7feaaf66d0981fe28378fbab186509.png,5190,ASC-US,anormal,1,657,811,C:\Users\jeanc\OneDrive\Área de Trabalho\Pesquisa\Pesquisa - Karielly\cric_cervix\images\cric_image_192_5c7feaaf66d0981fe28378fbab186509.png,C:\Users\jeanc\OneDrive\Área de Trabalho\Pesquisa\Pesquisa - Karielly\outputs_binary\crops\anormal\img192_cell5190_anormal.png,treino,4,0.6551154,1,anormal,1
245,fb8f92d163cb0370fa7fa8e7bbaa4edc.png,4112,LSIL,anormal,1,478,516,C:\Users\jeanc\OneDrive\Área de Trabalho\Pesquisa\Pesquisa - Karielly\cric_cervix\images\cric_image_245_fb8f92d163cb0370fa7fa8e7bbaa4edc.png,C:\Users\jeanc\OneDrive\Área de Trabalho\Pesquisa\Pesquisa - Karielly\outputs_binary\crops\anormal\img245_cell4112_anormal.png,treino,4,0.98416984,1,anormal,1
387,b5bc96650b0315465891547e78e4490c.png,759,ASC-US,anormal,1,429,737,C:\Users\jeanc\OneDrive\Área de Trabalho\Pesquisa\Pesquisa - Karielly\cric_cervix\images\cric_image_387_b5bc96650b0315465891547e78e4490c.png,C:\Users\jeanc\OneDrive\Área de Trabalho\Pesquisa\Pesquisa - Karielly\outputs_binary\crops\anormal\img387_cell0759_anormal.png,teste,4,0.5224877,1,anormal,1
331,9a847d90855db08e9dbd0b040689c3cb.png,2310,Negative for intraepithelial lesion,normal,0,488,312,C:\Users\jeanc\OneDrive\Área de Trabalho\Pesquisa\Pesquisa - Karielly\cric_cervix\images\cric_image_331_9a847d90855db08e9dbd0b040689c3cb.png,C:\Users\jeanc\OneDrive\Área de Trabalho\Pesquisa\Pesquisa - Karielly\outputs_binary\crops\normal\img331_cell2310_normal.png,treino,5,0.01001357,0,normal,1
232,75d04c5e7ddcdf002714f7ef57d4e418.png,4473,Negative for intraepithelial lesion,normal,0,255,572,C:\Users\jeanc\OneDrive\Área de Trabalho\Pesquisa\Pesquisa - Karielly\cric_cervix\images\cric_image_232_75d04c5e7ddcdf002714f7ef57d4e418.png,C:\Users\jeanc\OneDrive\Área de Trabalho\Pesquisa\Pesquisa - Karielly\outputs_binary\crops\normal\img232_cell4473_normal.png,teste,5,0.0066282395,0,normal,1
310,f4062608fdab5e483be224b0b807bfbb.png,2692,Negative for intraepithelial lesion,normal,0,695,849,C:\Users\jeanc\OneDrive\Área de Trabalho\Pesquisa\Pesquisa - Karielly\cric_cervix\images\cric_image_310_f4062608fdab5e483be224b0b807bfbb.png,C:\Users\jeanc\OneDrive\Área de Trabalho\Pesquisa\Pesquisa - Karielly\outputs_binary\crops\normal\img310_cell2692_normal.png,treino,5,0.0127104465,0,normal,1
53,d6e125d4b1ff838100937af08b912f0b.png,9826,Negative for intraepithelial lesion,normal,0,1122,488,C:\Users\jeanc\OneDrive\Área de Trabalho\Pesquisa\Pesquisa - Karielly\cric_cervix\images\cric_image_053_d6e125d4b1ff838100937af08b912f0b.png,C:\Users\jeanc\OneDrive\Área de Trabalho\Pesquisa\Pesquisa - Karielly\outputs_binary\crops\normal\img053_cell9826_normal.png,treino,5,0.009878943,0,normal,1
148,ec14a8dad00ce2aa24bae8dd2683077b.png,6008,Negative for intraepithelial lesion,normal,0,842,32,C:\Users\jeanc\OneDrive\Área de Trabalho\Pesquisa\Pesquisa - Karielly\cric_cervix\images\cric_image_148_ec14a8dad00ce2aa24bae8dd2683077b.png,C:\Users\jeanc\OneDrive\Área de Trabalho\Pesquisa\Pesquisa - Karielly\outputs_binary\crops\normal\img148_cell6008_normal.png,treino,5,0.009917223,0,normal,1
234,eddca08930f139f44c5d22a48d9f2909.png,4439,Negative for intraepithelial lesion,normal,0,863,310,C:\Users\jeanc\OneDrive\Área de Trabalho\Pesquisa\Pesquisa - Karielly\cric_cervix\images\cric_image_234_eddca08930f139f44c5d22a48d9f2909.png,C:\Users\jeanc\OneDrive\Área de Trabalho\Pesquisa\Pesquisa - Karielly\outputs_binary\crops\normal\img234_cell4439_normal.png,validacao,5,0.011664719,0,normal,1
12,1766e5c4a2a6034960b40bdd3c47c297.png,11273,Negative for intraepithelial lesion,normal,0,220,871,C:\Users\jeanc\OneDrive\Área de Trabalho\Pesquisa\Pesquisa - Karielly\cric_cervix\images\cric_image_012_1766e5c4a2a6034960b40bdd3c47c297.png,C:\Users\jeanc\OneDrive\Área de Trabalho\Pesquisa\Pesquisa - Karielly\outputs_binary\crops\normal\img012_cell11273_normal.png,treino,5,0.007800757,0,normal,1
171,cb206130cf379df998fa4fd995411ea7.png,5552,Negative for intraepithelial lesion,normal,0,712,453,C:\Users\jeanc\OneDrive\Área de Trabalho\Pesquisa\Pesquisa - Karielly\cric_cervix\images\cric_image_171_cb206130cf379df998fa4fd995411ea7.png,C:\Users\jeanc\OneDrive\Área de Trabalho\Pesquisa\Pesquisa - Karielly\outputs_binary\crops\normal\img171_cell5552_normal.png,treino,5,0.008644178,0,normal,1
376,da21a895881b3ba7d6108dba4a4ce17a.png,1050,Negative for intraepithelial lesion,normal,0,473,487,C:\Users\jeanc\OneDrive\Área de Trabalho\Pesquisa\Pesquisa - Karielly\cric_cervix\images\cric_image_376_da21a895881b3ba7d6108dba4a4ce17a.png,C:\Users\jeanc\OneDrive\Área de Trabalho\Pesquisa\Pesquisa - Karielly\outputs_binary\crops\normal\img376_cell1050_normal.png,treino,5,0.006265534,0,normal,1
393,363b6b00d925e5c52694b8f7b678c53b.png,530,Negative for intraepithelial lesion,normal,0,393,140,C:\Users\jeanc\OneDrive\Área de Trabalho\Pesquisa\Pesquisa - Karielly\cric_cervix\images\cric_image_393_363b6b00d925e5c52694b8f7b678c53b.png,C:\Users\jeanc\OneDrive\Área de Trabalho\Pesquisa\Pesquisa - Karielly\outputs_binary\crops\normal\img393_cell0530_normal.png,treino,5,0.0067449897,0,normal,1
274,a3cd8fc514a7a507198e186b5c58f9d2.png,3430,Negative for intraepithelial lesion,normal,0,1018,656,C:\Users\jeanc\OneDrive\Área de Trabalho\Pesquisa\Pesquisa - Karielly\cric_cervix\images\cric_image_274_a3cd8fc514a7a507198e186b5c58f9d2.png,C:\Users\jeanc\OneDrive\Área de Trabalho\Pesquisa\Pesquisa - Karielly\outputs_binary\crops\normal\img274_cell3430_normal.png,treino,5,0.41083014,0,normal,1
114,624930d9bfc4219ba1bdd73ea3fed13b.png,7326,Negative for intraepithelial lesion,normal,0,1162,640,C:\Users\jeanc\OneDrive\Área de Trabalho\Pesquisa\Pesquisa - Karielly\cric_cervix\images\cric_image_114_624930d9bfc4219ba1bdd73ea3fed13b.png,C:\Users\jeanc\OneDrive\Área de Trabalho\Pesquisa\Pesquisa - Karielly\outputs_binary\crops\normal\img114_cell7326_normal.png,validacao,5,0.0068637813,0,normal,1
128,cef1983c1bb8c0d9eb60efe03cfb3582.png,6828,Negative for intraepithelial lesion,normal,0,400,173,C:\Users\jeanc\OneDrive\Área de Trabalho\Pesquisa\Pesquisa - Karielly\cric_cervix\images\cric_image_128_cef1983c1bb8c0d9eb60efe03cfb3582.png,C:\Users\jeanc\OneDrive\Área de Trabalho\Pesquisa\Pesquisa - Karielly\outputs_binary\crops\normal\img128_cell6828_normal.png,treino,5,0.023197629,0,normal,1
368,a110c8eecfe599a9120a3aec324f0da8.png,1261,Negative for intraepithelial lesion,normal,0,618,780,C:\Users\jeanc\OneDrive\Área de Trabalho\Pesquisa\Pesquisa - Karielly\cric_cervix\images\cric_image_368_a110c8eecfe599a9120a3aec324f0da8.png,C:\Users\jeanc\OneDrive\Área de Trabalho\Pesquisa\Pesquisa - Karielly\outputs_binary\crops\normal\img368_cell1261_normal.png,treino,5,0.008694533,0,normal,1
114,624930d9bfc4219ba1bdd73ea3fed13b.png,7312,Negative for intraepithelial lesion,normal,0,293,510,C:\Users\jeanc\OneDrive\Área de Trabalho\Pesquisa\Pesquisa - Karielly\cric_cervix\images\cric_image_114_624930d9bfc4219ba1bdd73ea3fed13b.png,C:\Users\jeanc\OneDrive\Área de Trabalho\Pesquisa\Pesquisa - Karielly\outputs_binary\crops\normal\img114_cell7312_normal.png,validacao,5,0.008348053,0,normal,1
118,886b686fa3d22bb870a6ba41e5d1b82d.png,7223,Negative for intraepithelial lesion,normal,0,572,641,C:\Users\jeanc\OneDrive\Área de Trabalho\Pesquisa\Pesquisa - Karielly\cric_cervix\images\cric_image_118_886b686fa3d22bb870a6ba41e5d1b82d.png,C:\Users\jeanc\OneDrive\Área de Trabalho\Pesquisa\Pesquisa - Karielly\outputs_binary\crops\normal\img118_cell7223_normal.png,treino,5,0.009859855,0,normal,1
135,8d62bc0267b58954ef9fa8e355d6ec22.png,6531,Negative for intraepithelial lesion,normal,0,339,737,C:\Users\jeanc\OneDrive\Área de Trabalho\Pesquisa\Pesquisa - Karielly\cric_cervix\images\cric_image_135_8d62bc0267b58954ef9fa8e355d6ec22.png,C:\Users\jeanc\OneDrive\Área de Trabalho\Pesquisa\Pesquisa - Karielly\outputs_binary\crops\normal\img135_cell6531_normal.png,treino,5,0.010408314,0,normal,1
384,54562f3bda233bc849ce844c2d6d0809.png,929,Negative for intraepithelial lesion,normal,0,1133,668,C:\Users\jeanc\OneDrive\Área de Trabalho\Pesquisa\Pesquisa - Karielly\cric_cervix\images\cric_image_384_54562f3bda233bc849ce844c2d6d0809.png,C:\Users\jeanc\OneDrive\Área de Trabalho\Pesquisa\Pesquisa - Karielly\outputs_binary\crops\normal\img384_cell0929_normal.png,treino,5,0.0076214303,0,normal,1
56,e5ea9cccfefaf9d788e1447821752285.png,9611,Negative for intraepithelial lesion,normal,0,435,873,C:\Users\jeanc\OneDrive\Área de Trabalho\Pesquisa\Pesquisa - Karielly\cric_cervix\images\cric_image_056_e5ea9cccfefaf9d788e1447821752285.png,C:\Users\jeanc\OneDrive\Área de Trabalho\Pesquisa\Pesquisa - Karielly\outputs_binary\crops\normal\img056_cell9611_normal.png,teste,5,0.040922306,0,normal,1
118,886b686fa3d22bb870a6ba41e5d1b82d.png,7222,Negative for intraepithelial lesion,normal,0,1246,864,C:\Users\jeanc\OneDrive\Área de Trabalho\Pesquisa\Pesquisa - Karielly\cric_cervix\images\cric_image_118_886b686fa3d22bb870a6ba41e5d1b82d.png,C:\Users\jeanc\OneDrive\Área de Trabalho\Pesquisa\Pesquisa - Karielly\outputs_binary\crops\normal\img118_cell7222_normal.png,treino,5,0.007606673,0,normal,1
109,0b1732c713ea3f212e602c004fedeb65.png,7485,Negative for intraepithelial lesion,normal,0,759,979,C:\Users\jeanc\OneDrive\Área de Trabalho\Pesquisa\Pesquisa - Karielly\cric_cervix\images\cric_image_109_0b1732c713ea3f212e602c004fedeb65.png,C:\Users\jeanc\OneDrive\Área de Trabalho\Pesquisa\Pesquisa - Karielly\outputs_binary\crops\normal\img109_cell7485_normal.png,teste,5,0.010388217,0,normal,1
177,96d54337d5489e81ce6ad5508d7a5434.png,5455,Negative for intraepithelial lesion,normal,0,790,83,C:\Users\jeanc\OneDrive\Área de Trabalho\Pesquisa\Pesquisa - Karielly\cric_cervix\images\cric_image_177_96d54337d5489e81ce6ad5508d7a5434.png,C:\Users\jeanc\OneDrive\Área de Trabalho\Pesquisa\Pesquisa - Karielly\outputs_binary\crops\normal\img177_cell5455_normal.png,validacao,5,0.06572467,0,normal,1
334,515abacf9c89f439f90e7d34b406f581.png,2275,Negative for intraepithelial lesion,normal,0,162,744,C:\Users\jeanc\OneDrive\Área de Trabalho\Pesquisa\Pesquisa - Karielly\cric_cervix\images\cric_image_334_515abacf9c89f439f90e7d34b406f581.png,C:\Users\jeanc\OneDrive\Área de Trabalho\Pesquisa\Pesquisa - Karielly\outputs_binary\crops\normal\img334_cell2275_normal.png,treino,5,0.010209055,0,normal,1
357,8c202a2617293100cafc0ee30c52bd7e.png,1568,Negative for intraepithelial lesion,normal,0,588,802,C:\Users\jeanc\OneDrive\Área de Trabalho\Pesquisa\Pesquisa - Karielly\cric_cervix\images\cric_image_357_8c202a2617293100cafc0ee30c52bd7e.png,C:\Users\jeanc\OneDrive\Área de Trabalho\Pesquisa\Pesquisa - Karielly\outputs_binary\crops\normal\img357_cell1568_normal.png,treino,5,0.009917223,0,normal,1
148,ec14a8dad00ce2aa24bae8dd2683077b.png,6023,Negative for intraepithelial lesion,normal,0,1270,289,C:\Users\jeanc\OneDrive\Área de Trabalho\Pesquisa\Pesquisa - Karielly\cric_cervix\images\cric_image_148_ec14a8dad00ce2aa24bae8dd2683077b.png,C:\Users\jeanc\OneDrive\Área de Trabalho\Pesquisa\Pesquisa - Karielly\outputs_binary\crops\normal\img148_cell6023_normal.png,treino,5,0.008985428,0,normal,1
1,be340ee72689dfe3f8dc9c24de6127f4.png,11497,Negative for intraepithelial lesion,normal,0,25,295,C:\Users\jeanc\OneDrive\Área de Trabalho\Pesquisa\Pesquisa - Karielly\cric_cervix\images\cric_image_001_be340ee72689dfe3f8dc9c24de6127f4.png,C:\Users\jeanc\OneDrive\Área de Trabalho\Pesquisa\Pesquisa - Karielly\outputs_binary\crops\normal\img001_cell11497_normal.png,teste,5,0.017934537,0,normal,1
258,a88f00847363c89e1960ade289b38612.png,3750,Negative for intraepithelial lesion,normal,0,127,384,C:\Users\jeanc\OneDrive\Área de Trabalho\Pesquisa\Pesquisa - Karielly\cric_cervix\images\cric_image_258_a88f00847363c89e1960ade289b38612.png,C:\Users\jeanc\OneDrive\Área de Trabalho\Pesquisa\Pesquisa - Karielly\outputs_binary\crops\normal\img258_cell3750_normal.png,treino,5,0.009802816,0,normal,1
4,4fb1ebbd1adb2da024ffe2394c1712c9.png,11444,Negative for intraepithelial lesion,normal,0,1039,644,C:\Users\jeanc\OneDrive\Área de Trabalho\Pesquisa\Pesquisa - Karielly\cric_cervix\images\cric_image_004_4fb1ebbd1adb2da024ffe2394c1712c9.png,C:\Users\jeanc\OneDrive\Área de Trabalho\Pesquisa\Pesquisa - Karielly\outputs_binary\crops\normal\img004_cell11444_normal.png,validacao,5,0.0069172424,0,normal,1
148,ec14a8dad00ce2aa24bae8dd2683077b.png,6026,Negative for intraepithelial lesion,normal,0,1096,343,C:\Users\jeanc\OneDrive\Área de Trabalho\Pesquisa\Pesquisa - Karielly\cric_cervix\images\cric_image_148_ec14a8dad00ce2aa24bae8dd2683077b.png,C:\Users\jeanc\OneDrive\Área de Trabalho\Pesquisa\Pesquisa - Karielly\outputs_binary\crops\normal\img148_cell6026_normal.png,treino,5,0.0094125895,0,normal,1
49,41766de1e13ae83bdad1f7b71a606340.png,9958,Negative for intraepithelial lesion,normal,0,908,914,C:\Users\jeanc\OneDrive\Área de Trabalho\Pesquisa\Pesquisa - Karielly\cric_cervix\images\cric_image_049_41766de1e13ae83bdad1f7b71a606340.png,C:\Users\jeanc\OneDrive\Área de Trabalho\Pesquisa\Pesquisa - Karielly\outputs_binary\crops\normal\img049_cell9958_normal.png,treino,5,0.025226824,0,normal,1
284,a57e3c97ad51375f4656963d6bd88f8d.png,3115,Negative for intraepithelial lesion,normal,0,512,235,C:\Users\jeanc\OneDrive\Área de Trabalho\Pesquisa\Pesquisa - Karielly\cric_cervix\images\cric_image_284_a57e3c97ad51375f4656963d6bd88f8d.png,C:\Users\jeanc\OneDrive\Área de Trabalho\Pesquisa\Pesquisa - Karielly\outputs_binary\crops\normal\img284_cell3115_normal.png,treino,5,0.4472943,0,normal,1
33,07872ee58dea1007dd5d4afa5fb2556d.png,10409,Negative for intraepithelial lesion,normal,0,1129,260,C:\Users\jeanc\OneDrive\Área de Trabalho\Pesquisa\Pesquisa - Karielly\cric_cervix\images\cric_image_033_07872ee58dea1007dd5d4afa5fb2556d.png,C:\Users\jeanc\OneDrive\Área de Trabalho\Pesquisa\Pesquisa - Karielly\outputs_binary\crops\normal\img033_cell10409_normal.png,treino,5,0.008015269,0,normal,1
109,0b1732c713ea3f212e602c004fedeb65.png,7490,Negative for intraepithelial lesion,normal,0,314,962,C:\Users\jeanc\OneDrive\Área de Trabalho\Pesquisa\Pesquisa - Karielly\cric_cervix\images\cric_image_109_0b1732c713ea3f212e602c004fedeb65.png,C:\Users\jeanc\OneDrive\Área de Trabalho\Pesquisa\Pesquisa - Karielly\outputs_binary\crops\normal\img109_cell7490_normal.png,teste,5,0.009764972,0,normal,1
118,886b686fa3d22bb870a6ba41e5d1b82d.png,7203,Negative for intraepithelial lesion,normal,0,793,144,C:\Users\jeanc\OneDrive\Área de Trabalho\Pesquisa\Pesquisa - Karielly\cric_cervix\images\cric_image_118_886b686fa3d22bb870a6ba41e5d1b82d.png,C:\Users\jeanc\OneDrive\Área de Trabalho\Pesquisa\Pesquisa - Karielly\outputs_binary\crops\normal\img118_cell7203_normal.png,treino,5,0.0069038384,0,normal,1
234,eddca08930f139f44c5d22a48d9f2909.png,4411,Negative for intraepithelial lesion,normal,0,549,166,C:\Users\jeanc\OneDrive\Área de Trabalho\Pesquisa\Pesquisa - Karielly\cric_cervix\images\cric_image_234_eddca08930f139f44c5d22a48d9f2909.png,C:\Users\jeanc\OneDrive\Área de Trabalho\Pesquisa\Pesquisa - Karielly\outputs_binary\crops\normal\img234_cell4411_normal.png,validacao,5,0.018194366,0,normal,1
115,b885f6b8c2023a5b25c95fd0381f9892.png,7231,Negative for intraepithelial lesion,normal,0,444,623,C:\Users\jeanc\OneDrive\Área de Trabalho\Pesquisa\Pesquisa - Karielly\cric_cervix\images\cric_image_115_b885f6b8c2023a5b25c95fd0381f9892.png,C:\Users\jeanc\OneDrive\Área de Trabalho\Pesquisa\Pesquisa - Karielly\outputs_binary\crops\normal\img115_cell7231_normal.png,teste,5,0.0076214303,0,normal,1
388,6a642a0409ea6f1ffd234d666d6c9319.png,739,Negative for intraepithelial lesion,normal,0,804,583,C:\Users\jeanc\OneDrive\Área de Trabalho\Pesquisa\Pesquisa - Karielly\cric_cervix\images\cric_image_388_6a642a0409ea6f1ffd234d666d6c9319.png,C:\Users\jeanc\OneDrive\Área de Trabalho\Pesquisa\Pesquisa - Karielly\outputs_binary\crops\normal\img388_cell0739_normal.png,teste,5,0.97754294,1,anormal,0
125,c642b1c083b38d9b56724bc76867459e.png,6931,Negative for intraepithelial lesion,normal,0,127,883,C:\Users\jeanc\OneDrive\Área de Trabalho\Pesquisa\Pesquisa - Karielly\cric_cervix\images\cric_image_125_c642b1c083b38d9b56724bc76867459e.png,C:\Users\jeanc\OneDrive\Área de Trabalho\Pesquisa\Pesquisa - Karielly\outputs_binary\crops\normal\img125_cell6931_normal.png,teste,5,0.0125279315,0,normal,1
284,a57e3c97ad51375f4656963d6bd88f8d.png,3120,Negative for intraepithelial lesion,normal,0,805,184,C:\Users\jeanc\OneDrive\Área de Trabalho\Pesquisa\Pesquisa - Karielly\cric_cervix\images\cric_image_284_a57e3c97ad51375f4656963d6bd88f8d.png,C:\Users\jeanc\OneDrive\Área de Trabalho\Pesquisa\Pesquisa - Karielly\outputs_binary\crops\normal\img284_cell3120_normal.png,treino,5,0.9747731,1,anormal,0
12,1766e5c4a2a6034960b40bdd3c47c297.png,11267,Negative for intraepithelial lesion,normal,0,983,549,C:\Users\jeanc\OneDrive\Área de Trabalho\Pesquisa\Pesquisa - Karielly\cric_cervix\images\cric_image_012_1766e5c4a2a6034960b40bdd3c47c297.png,C:\Users\jeanc\OneDrive\Área de Trabalho\Pesquisa\Pesquisa - Karielly\outputs_binary\crops\normal\img012_cell11267_normal.png,treino,5,0.9145963,1,anormal,0
17,602e28f6537d6638bc4ccbe4cde5fab1.png,11111,Negative for intraepithelial lesion,normal,0,279,1002,C:\Users\jeanc\OneDrive\Área de Trabalho\Pesquisa\Pesquisa - Karielly\cric_cervix\images\cric_image_017_602e28f6537d6638bc4ccbe4cde5fab1.png,C:\Users\jeanc\OneDrive\Área de Trabalho\Pesquisa\Pesquisa - Karielly\outputs_binary\crops\normal\img017_cell11111_normal.png,validacao,5,0.012348004,0,normal,1
135,8d62bc0267b58954ef9fa8e355d6ec22.png,6538,Negative for intraepithelial lesion,normal,0,504,685,C:\Users\jeanc\OneDrive\Área de Trabalho\Pesquisa\Pesquisa - Karielly\cric_cervix\images\cric_image_135_8d62bc0267b58954ef9fa8e355d6ec22.png,C:\Users\jeanc\OneDrive\Área de Trabalho\Pesquisa\Pesquisa - Karielly\outputs_binary\crops\normal\img135_cell6538_normal.png,treino,5,0.008560892,0,normal,1
123,e9743b8e738f3f0bd2a084cbf8dc1cab.png,6980,Negative for intraepithelial lesion,normal,0,1251,1015,C:\Users\jeanc\OneDrive\Área de Trabalho\Pesquisa\Pesquisa - Karielly\cric_cervix\images\cric_image_123_e9743b8e738f3f0bd2a084cbf8dc1cab.png,C:\Users\jeanc\OneDrive\Área de Trabalho\Pesquisa\Pesquisa - Karielly\outputs_binary\crops\normal\img123_cell6980_normal.png,treino,5,0.014657923,0,normal,1
125,c642b1c083b38d9b56724bc76867459e.png,6934,Negative for intraepithelial lesion,normal,0,224,961,C:\Users\jeanc\OneDrive\Área de Trabalho\Pesquisa\Pesquisa - Karielly\cric_cervix\images\cric_image_125_c642b1c083b38d9b56724bc76867459e.png,C:\Users\jeanc\OneDrive\Área de Trabalho\Pesquisa\Pesquisa - Karielly\outputs_binary\crops\normal\img125_cell6934_normal.png,teste,5,0.010071824,0,normal,1
29,92f442dda43d7250c63ba2823c96be42.png,10558,Negative for intraepithelial lesion,normal,0,1012,918,C:\Users\jeanc\OneDrive\Área de Trabalho\Pesquisa\Pesquisa - Karielly\cric_cervix\images\cric_image_029_92f442dda43d7250c63ba2823c96be42.png,C:\Users\jeanc\OneDrive\Área de Trabalho\Pesquisa\Pesquisa - Karielly\outputs_binary\crops\normal\img029_cell10558_normal.png,treino,5,0.0120770605,0,normal,1
27,36a2bc6bae69351df86a4a2fe4d49c2a.png,10736,Negative for intraepithelial lesion,normal,0,764,604,C:\Users\jeanc\OneDrive\Área de Trabalho\Pesquisa\Pesquisa - Karielly\cric_cervix\images\cric_image_027_36a2bc6bae69351df86a4a2fe4d49c2a.png,C:\Users\jeanc\OneDrive\Área de Trabalho\Pesquisa\Pesquisa - Karielly\outputs_binary\crops\normal\img027_cell10736_normal.png,treino,5,0.0065769986,0,normal,1
250,539a88e6ce009eee5398bdbada60ff23.png,3956,Negative for intraepithelial lesion,normal,0,427,905,C:\Users\jeanc\OneDrive\Área de Trabalho\Pesquisa\Pesquisa - Karielly\cric_cervix\images\cric_image_250_539a88e6ce009eee5398bdbada60ff23.png,C:\Users\jeanc\OneDrive\Área de Trabalho\Pesquisa\Pesquisa - Karielly\outputs_binary\crops\normal\img250_cell3956_normal.png,treino,5,0.008677717,0,normal,1
135,8d62bc0267b58954ef9fa8e355d6ec22.png,6559,Negative for intraepithelial lesion,normal,0,543,187,C:\Users\jeanc\OneDrive\Área de Trabalho\Pesquisa\Pesquisa - Karielly\cric_cervix\images\cric_image_135_8d62bc0267b58954ef9fa8e355d6ec22.png,C:\Users\jeanc\OneDrive\Área de Trabalho\Pesquisa\Pesquisa - Karielly\outputs_binary\crops\normal\img135_cell6559_normal.png,treino,5,0.006450608,0,normal,1
114,624930d9bfc4219ba1bdd73ea3fed13b.png,7324,Negative for intraepithelial lesion,normal,0,825,832,C:\Users\jeanc\OneDrive\Área de Trabalho\Pesquisa\Pesquisa - Karielly\cric_cervix\images\cric_image_114_624930d9bfc4219ba1bdd73ea3fed13b.png,C:\Users\jeanc\OneDrive\Área de Trabalho\Pesquisa\Pesquisa - Karielly\outputs_binary\crops\normal\img114_cell7324_normal.png,validacao,5,0.007907292,0,normal,1
27,36a2bc6bae69351df86a4a2fe4d49c2a.png,10723,Negative for intraepithelial lesion,normal,0,702,262,C:\Users\jeanc\OneDrive\Área de Trabalho\Pesquisa\Pesquisa - Karielly\cric_cervix\images\cric_image_027_36a2bc6bae69351df86a4a2fe4d49c2a.png,C:\Users\jeanc\OneDrive\Área de Trabalho\Pesquisa\Pesquisa - Karielly\outputs_binary\crops\normal\img027_cell10723_normal.png,treino,5,0.086054265,0,normal,1
362,e501b86a4eb392736b083deb8c4537f8.png,1369,Negative for intraepithelial lesion,normal,0,384,586,C:\Users\jeanc\OneDrive\Área de Trabalho\Pesquisa\Pesquisa - Karielly\cric_cervix\images\cric_image_362_e501b86a4eb392736b083deb8c4537f8.png,C:\Users\jeanc\OneDrive\Área de Trabalho\Pesquisa\Pesquisa - Karielly\outputs_binary\crops\normal\img362_cell1369_normal.png,teste,5,0.013755562,0,normal,1
234,eddca08930f139f44c5d22a48d9f2909.png,4408,Negative for intraepithelial lesion,normal,0,399,412,C:\Users\jeanc\OneDrive\Área de Trabalho\Pesquisa\Pesquisa - Karielly\cric_cervix\images\cric_image_234_eddca08930f139f44c5d22a48d9f2909.png,C:\Users\jeanc\OneDrive\Área de Trabalho\Pesquisa\Pesquisa - Karielly\outputs_binary\crops\normal\img234_cell4408_normal.png,validacao,5,0.013782084,0,normal,1
118,886b686fa3d22bb870a6ba41e5d1b82d.png,7194,Negative for intraepithelial lesion,normal,0,200,283,C:\Users\jeanc\OneDrive\Área de Trabalho\Pesquisa\Pesquisa - Karielly\cric_cervix\images\cric_image_118_886b686fa3d22bb870a6ba41e5d1b82d.png,C:\Users\jeanc\OneDrive\Área de Trabalho\Pesquisa\Pesquisa - Karielly\outputs_binary\crops\normal\img118_cell7194_normal.png,treino,5,0.008610767,0,normal,1
289,2cefdbf695da71852337ae3557ccdd38.png,3032,Negative for intraepithelial lesion,normal,0,1073,308,C:\Users\jeanc\OneDrive\Área de Trabalho\Pesquisa\Pesquisa - Karielly\cric_cervix\images\cric_image_289_2cefdbf695da71852337ae3557ccdd38.png,C:\Users\jeanc\OneDrive\Área de Trabalho\Pesquisa\Pesquisa - Karielly\outputs_binary\crops\normal\img289_cell3032_normal.png,treino,5,0.03330537,0,normal,1
234,eddca08930f139f44c5d22a48d9f2909.png,4412,Negative for intraepithelial lesion,normal,0,515,178,C:\Users\jeanc\OneDrive\Área de Trabalho\Pesquisa\Pesquisa - Karielly\cric_cervix\images\cric_image_234_eddca08930f139f44c5d22a48d9f2909.png,C:\Users\jeanc\OneDrive\Área de Trabalho\Pesquisa\Pesquisa - Karielly\outputs_binary\crops\normal\img234_cell4412_normal.png,validacao,5,0.03652812,0,normal,1
118,886b686fa3d22bb870a6ba41e5d1b82d.png,7196,Negative for intraepithelial lesion,normal,0,258,409,C:\Users\jeanc\OneDrive\Área de Trabalho\Pesquisa\Pesquisa - Karielly\cric_cervix\images\cric_image_118_886b686fa3d22bb870a6ba41e5d1b82d.png,C:\Users\jeanc\OneDrive\Área de Trabalho\Pesquisa\Pesquisa - Karielly\outputs_binary\crops\normal\img118_cell7196_normal.png,treino,5,0.007460643,0,normal,1
159,c5a677e9d495b6c0419df420f65c5a26.png,5706,Negative for intraepithelial lesion,normal,0,956,670,C:\Users\jeanc\OneDrive\Área de Trabalho\Pesquisa\Pesquisa - Karielly\cric_cervix\images\cric_image_159_c5a677e9d495b6c0419df420f65c5a26.png,C:\Users\jeanc\OneDrive\Área de Trabalho\Pesquisa\Pesquisa - Karielly\outputs_binary\crops\normal\img159_cell5706_normal.png,teste,5,0.0070938617,0,normal,1
319,31a989e43eb0a9645509eb60e068aefc.png,2496,Negative for intraepithelial lesion,normal,0,758,363,C:\Users\jeanc\OneDrive\Área de Trabalho\Pesquisa\Pesquisa - Karielly\cric_cervix\images\cric_image_319_31a989e43eb0a9645509eb60e068aefc.png,C:\Users\jeanc\OneDrive\Área de Trabalho\Pesquisa\Pesquisa - Karielly\outputs_binary\crops\normal\img319_cell2496_normal.png,treino,5,0.006758087,0,normal,1
274,a3cd8fc514a7a507198e186b5c58f9d2.png,3436,Negative for intraepithelial lesion,normal,0,827,595,C:\Users\jeanc\OneDrive\Área de Trabalho\Pesquisa\Pesquisa - Karielly\cric_cervix\images\cric_image_274_a3cd8fc514a7a507198e186b5c58f9d2.png,C:\Users\jeanc\OneDrive\Área de Trabalho\Pesquisa\Pesquisa - Karielly\outputs_binary\crops\normal\img274_cell3436_normal.png,treino,5,0.019851703,0,normal,1
125,c642b1c083b38d9b56724bc76867459e.png,6937,Negative for intraepithelial lesion,normal,0,460,938,C:\Users\jeanc\OneDrive\Área de Trabalho\Pesquisa\Pesquisa - Karielly\cric_cervix\images\cric_image_125_c642b1c083b38d9b56724bc76867459e.png,C:\Users\jeanc\OneDrive\Área de Trabalho\Pesquisa\Pesquisa - Karielly\outputs_binary\crops\normal\img125_cell6937_normal.png,teste,5,0.010776726,0,normal,1
68,f29860b096765cfacea56a44c4fd805d.png,8989,HSIL,anormal,1,1020,410,C:\Users\jeanc\OneDrive\Área de Trabalho\Pesquisa\Pesquisa - Karielly\cric_cervix\images\cric_image_068_f29860b096765cfacea56a44c4fd805d.png,C:\Users\jeanc\OneDrive\Área de Trabalho\Pesquisa\Pesquisa - Karielly\outputs_binary\crops\anormal\img068_cell8989_anormal.png,treino,5,0.9916842,1,anormal,1
250,539a88e6ce009eee5398bdbada60ff23.png,3975,LSIL,anormal,1,40,774,C:\Users\jeanc\OneDrive\Área de Trabalho\Pesquisa\Pesquisa - Karielly\cric_cervix\images\cric_image_250_539a88e6ce009eee5398bdbada60ff23.png,C:\Users\jeanc\OneDrive\Área de Trabalho\Pesquisa\Pesquisa - Karielly\outputs_binary\crops\anormal\img250_cell3975_anormal.png,treino,5,0.049176436,0,normal,0
384,54562f3bda233bc849ce844c2d6d0809.png,880,ASC-H,anormal,1,779,346,C:\Users\jeanc\OneDrive\Área de Trabalho\Pesquisa\Pesquisa - Karielly\cric_cervix\images\cric_image_384_54562f3bda233bc849ce844c2d6d0809.png,C:\Users\jeanc\OneDrive\Área de Trabalho\Pesquisa\Pesquisa - Karielly\outputs_binary\crops\anormal\img384_cell0880_anormal.png,treino,5,0.9632651,1,anormal,1
64,69a7526d382f793aaccd7dfe79dd2901.png,9166,LSIL,anormal,1,404,697,C:\Users\jeanc\OneDrive\Área de Trabalho\Pesquisa\Pesquisa - Karielly\cric_cervix\images\cric_image_064_69a7526d382f793aaccd7dfe79dd2901.png,C:\Users\jeanc\OneDrive\Área de Trabalho\Pesquisa\Pesquisa - Karielly\outputs_binary\crops\anormal\img064_cell9166_anormal.png,teste,5,0.98481095,1,anormal,1
171,cb206130cf379df998fa4fd995411ea7.png,5559,LSIL,anormal,1,450,347,C:\Users\jeanc\OneDrive\Área de Trabalho\Pesquisa\Pesquisa - Karielly\cric_cervix\images\cric_image_171_cb206130cf379df998fa4fd995411ea7.png,C:\Users\jeanc\OneDrive\Área de Trabalho\Pesquisa\Pesquisa - Karielly\outputs_binary\crops\anormal\img171_cell5559_anormal.png,treino,5,0.9027811,1,anormal,1
274,a3cd8fc514a7a507198e186b5c58f9d2.png,3419,ASC-US,anormal,1,927,507,C:\Users\jeanc\OneDrive\Área de Trabalho\Pesquisa\Pesquisa - Karielly\cric_cervix\images\cric_image_274_a3cd8fc514a7a507198e186b5c58f9d2.png,C:\Users\jeanc\OneDrive\Área de Trabalho\Pesquisa\Pesquisa - Karielly\outputs_binary\crops\anormal\img274_cell3419_anormal.png,treino,5,0.7371582,1,anormal,1
384,54562f3bda233bc849ce844c2d6d0809.png,850,ASC-H,anormal,1,844,228,C:\Users\jeanc\OneDrive\Área de Trabalho\Pesquisa\Pesquisa - Karielly\cric_cervix\images\cric_image_384_54562f3bda233bc849ce844c2d6d0809.png,C:\Users\jeanc\OneDrive\Área de Trabalho\Pesquisa\Pesquisa - Karielly\outputs_binary\crops\anormal\img384_cell0850_anormal.png,treino,5,0.96192914,1,anormal,1
100,ee5338ab73b4db0c88f9e9dc98aca68e.png,7637,SCC,anormal,1,1213,616,C:\Users\jeanc\OneDrive\Área de Trabalho\Pesquisa\Pesquisa - Karielly\cric_cervix\images\cric_image_100_ee5338ab73b4db0c88f9e9dc98aca68e.png,C:\Users\jeanc\OneDrive\Área de Trabalho\Pesquisa\Pesquisa - Karielly\outputs_binary\crops\anormal\img100_cell7637_anormal.png,treino,5,0.9834705,1,anormal,1
384,54562f3bda233bc849ce844c2d6d0809.png,901,ASC-H,anormal,1,438,317,C:\Users\jeanc\OneDrive\Área de Trabalho\Pesquisa\Pesquisa - Karielly\cric_cervix\images\cric_image_384_54562f3bda233bc849ce844c2d6d0809.png,C:\Users\jeanc\OneDrive\Área de Trabalho\Pesquisa\Pesquisa - Karielly\outputs_binary\crops\anormal\img384_cell0901_anormal.png,treino,5,0.95961094,1,anormal,1
60,05481195119c8cfb884bf1462b53b004.png,9457,HSIL,anormal,1,708,441,C:\Users\jeanc\OneDrive\Área de Trabalho\Pesquisa\Pesquisa - Karielly\cric_cervix\images\cric_image_060_05481195119c8cfb884bf1462b53b004.png,C:\Users\jeanc\OneDrive\Área de Trabalho\Pesquisa\Pesquisa - Karielly\outputs_binary\crops\anormal\img060_cell9457_anormal.png,treino,5,0.989368,1,anormal,1
4,4fb1ebbd1adb2da024ffe2394c1712c9.png,11454,HSIL,anormal,1,468,368,C:\Users\jeanc\OneDrive\Área de Trabalho\Pesquisa\Pesquisa - Karielly\cric_cervix\images\cric_image_004_4fb1ebbd1adb2da024ffe2394c1712c9.png,C:\Users\jeanc\OneDrive\Área de Trabalho\Pesquisa\Pesquisa - Karielly\outputs_binary\crops\anormal\img004_cell11454_anormal.png,validacao,5,0.9867005,1,anormal,1
64,69a7526d382f793aaccd7dfe79dd2901.png,9198,ASC-H,anormal,1,948,286,C:\Users\jeanc\OneDrive\Área de Trabalho\Pesquisa\Pesquisa - Karielly\cric_cervix\images\cric_image_064_69a7526d382f793aaccd7dfe79dd2901.png,C:\Users\jeanc\OneDrive\Área de Trabalho\Pesquisa\Pesquisa - Karielly\outputs_binary\crops\anormal\img064_cell9198_anormal.png,teste,5,0.9919848,1,anormal,1
250,539a88e6ce009eee5398bdbada60ff23.png,3968,LSIL,anormal,1,908,402,C:\Users\jeanc\OneDrive\Área de Trabalho\Pesquisa\Pesquisa - Karielly\cric_cervix\images\cric_image_250_539a88e6ce009eee5398bdbada60ff23.png,C:\Users\jeanc\OneDrive\Área de Trabalho\Pesquisa\Pesquisa - Karielly\outputs_binary\crops\anormal\img250_cell3968_anormal.png,treino,5,0.97730595,1,anormal,1
56,e5ea9cccfefaf9d788e1447821752285.png,9618,ASC-H,anormal,1,1138,297,C:\Users\jeanc\OneDrive\Área de Trabalho\Pesquisa\Pesquisa - Karielly\cric_cervix\images\cric_image_056_e5ea9cccfefaf9d788e1447821752285.png,C:\Users\jeanc\OneDrive\Área de Trabalho\Pesquisa\Pesquisa - Karielly\outputs_binary\crops\anormal\img056_cell9618_anormal.png,teste,5,0.9716986,1,anormal,1
55,61b751b4e6c2a79d0369b24683339be1.png,9738,ASC-H,anormal,1,705,390,C:\Users\jeanc\OneDrive\Área de Trabalho\Pesquisa\Pesquisa - Karielly\cric_cervix\images\cric_image_055_61b751b4e6c2a79d0369b24683339be1.png,C:\Users\jeanc\OneDrive\Área de Trabalho\Pesquisa\Pesquisa - Karielly\outputs_binary\crops\anormal\img055_cell9738_anormal.png,treino,5,0.98899186,1,anormal,1
64,69a7526d382f793aaccd7dfe79dd2901.png,9190,ASC-H,anormal,1,1184,321,C:\Users\jeanc\OneDrive\Área de Trabalho\Pesquisa\Pesquisa - Karielly\cric_cervix\images\cric_image_064_69a7526d382f793aaccd7dfe79dd2901.png,C:\Users\jeanc\OneDrive\Área de Trabalho\Pesquisa\Pesquisa - Karielly\outputs_binary\crops\anormal\img064_cell9190_anormal.png,teste,5,0.98752034,1,anormal,1
60,05481195119c8cfb884bf1462b53b004.png,9492,HSIL,anormal,1,175,321,C:\Users\jeanc\OneDrive\Área de Trabalho\Pesquisa\Pesquisa - Karielly\cric_cervix\images\cric_image_060_05481195119c8cfb884bf1462b53b004.png,C:\Users\jeanc\OneDrive\Área de Trabalho\Pesquisa\Pesquisa - Karielly\outputs_binary\crops\anormal\img060_cell9492_anormal.png,treino,5,0.9541374,1,anormal,1
384,54562f3bda233bc849ce844c2d6d0809.png,861,ASC-H,anormal,1,1107,372,C:\Users\jeanc\OneDrive\Área de Trabalho\Pesquisa\Pesquisa - Karielly\cric_cervix\images\cric_image_384_54562f3bda233bc849ce844c2d6d0809.png,C:\Users\jeanc\OneDrive\Área de Trabalho\Pesquisa\Pesquisa - Karielly\outputs_binary\crops\anormal\img384_cell0861_anormal.png,treino,5,0.8540954,1,anormal,1
64,69a7526d382f793aaccd7dfe79dd2901.png,9225,ASC-H,anormal,1,1067,684,C:\Users\jeanc\OneDrive\Área de Trabalho\Pesquisa\Pesquisa - Karielly\cric_cervix\images\cric_image_064_69a7526d382f793aaccd7dfe79dd2901.png,C:\Users\jeanc\OneDrive\Área de Trabalho\Pesquisa\Pesquisa - Karielly\outputs_binary\crops\anormal\img064_cell9225_anormal.png,teste,5,0.98439646,1,anormal,1
60,05481195119c8cfb884bf1462b53b004.png,9488,HSIL,anormal,1,537,454,C:\Users\jeanc\OneDrive\Área de Trabalho\Pesquisa\Pesquisa - Karielly\cric_cervix\images\cric_image_060_05481195119c8cfb884bf1462b53b004.png,C:\Users\jeanc\OneDrive\Área de Trabalho\Pesquisa\Pesquisa - Karielly\outputs_binary\crops\anormal\img060_cell9488_anormal.png,treino,5,0.9916033,1,anormal,1
64,69a7526d382f793aaccd7dfe79dd2901.png,9220,ASC-H,anormal,1,981,524,C:\Users\jeanc\OneDrive\Área de Trabalho\Pesquisa\Pesquisa - Karielly\cric_cervix\images\cric_image_064_69a7526d382f793aaccd7dfe79dd2901.png,C:\Users\jeanc\OneDrive\Área de Trabalho\Pesquisa\Pesquisa - Karielly\outputs_binary\crops\anormal\img064_cell9220_anormal.png,teste,5,0.9924374,1,anormal,1
55,61b751b4e6c2a79d0369b24683339be1.png,9764,ASC-H,anormal,1,393,604,C:\Users\jeanc\OneDrive\Área de Trabalho\Pesquisa\Pesquisa - Karielly\cric_cervix\images\cric_image_055_61b751b4e6c2a79d0369b24683339be1.png,C:\Users\jeanc\OneDrive\Área de Trabalho\Pesquisa\Pesquisa - Karielly\outputs_binary\crops\anormal\img055_cell9764_anormal.png,treino,5,0.9840936,1,anormal,1
191,e40cc4bedbe9837b12f9343953b391ef.png,5164,LSIL,anormal,1,1094,63,C:\Users\jeanc\OneDrive\Área de Trabalho\Pesquisa\Pesquisa - Karielly\cric_cervix\images\cric_image_191_e40cc4bedbe9837b12f9343953b391ef.png,C:\Users\jeanc\OneDrive\Área de Trabalho\Pesquisa\Pesquisa - Karielly\outputs_binary\crops\anormal\img191_cell5164_anormal.png,treino,5,0.7423751,1,anormal,1
10,fb100898ae793bb2475fd6d3ee92ef31.png,11277,LSIL,anormal,1,552,614,C:\Users\jeanc\OneDrive\Área de Trabalho\Pesquisa\Pesquisa - Karielly\cric_cervix\images\cric_image_010_fb100898ae793bb2475fd6d3ee92ef31.png,C:\Users\jeanc\OneDrive\Área de Trabalho\Pesquisa\Pesquisa - Karielly\outputs_binary\crops\anormal\img010_cell11277_anormal.png,teste,5,0.97104686,1,anormal,1
60,05481195119c8cfb884bf1462b53b004.png,9460,HSIL,anormal,1,660,486,C:\Users\jeanc\OneDrive\Área de Trabalho\Pesquisa\Pesquisa - Karielly\cric_cervix\images\cric_image_060_05481195119c8cfb884bf1462b53b004.png,C:\Users\jeanc\OneDrive\Área de Trabalho\Pesquisa\Pesquisa - Karielly\outputs_binary\crops\anormal\img060_cell9460_anormal.png,treino,5,0.99173236,1,anormal,1
60,05481195119c8cfb884bf1462b53b004.png,9481,HSIL,anormal,1,263,779,C:\Users\jeanc\OneDrive\Área de Trabalho\Pesquisa\Pesquisa - Karielly\cric_cervix\images\cric_image_060_05481195119c8cfb884bf1462b53b004.png,C:\Users\jeanc\OneDrive\Área de Trabalho\Pesquisa\Pesquisa - Karielly\outputs_binary\crops\anormal\img060_cell9481_anormal.png,treino,5,0.9924374,1,anormal,1
56,e5ea9cccfefaf9d788e1447821752285.png,9636,ASC-H,anormal,1,80,881,C:\Users\jeanc\OneDrive\Área de Trabalho\Pesquisa\Pesquisa - Karielly\cric_cervix\images\cric_image_056_e5ea9cccfefaf9d788e1447821752285.png,C:\Users\jeanc\OneDrive\Área de Trabalho\Pesquisa\Pesquisa - Karielly\outputs_binary\crops\anormal\img056_cell9636_anormal.png,teste,5,0.88909626,1,anormal,1
384,54562f3bda233bc849ce844c2d6d0809.png,874,ASC-H,anormal,1,765,425,C:\Users\jeanc\OneDrive\Área de Trabalho\Pesquisa\Pesquisa - Karielly\cric_cervix\images\cric_image_384_54562f3bda233bc849ce844c2d6d0809.png,C:\Users\jeanc\OneDrive\Área de Trabalho\Pesquisa\Pesquisa - Karielly\outputs_binary\crops\anormal\img384_cell0874_anormal.png,treino,5,0.5416816,1,anormal,1
55,61b751b4e6c2a79d0369b24683339be1.png,9760,ASC-H,anormal,1,384,447,C:\Users\jeanc\OneDrive\Área de Trabalho\Pesquisa\Pesquisa - Karielly\cric_cervix\images\cric_image_055_61b751b4e6c2a79d0369b24683339be1.png,C:\Users\jeanc\OneDrive\Área de Trabalho\Pesquisa\Pesquisa - Karielly\outputs_binary\crops\anormal\img055_cell9760_anormal.png,treino,5,0.958187,1,anormal,1
384,54562f3bda233bc849ce844c2d6d0809.png,857,ASC-US,anormal,1,1242,304,C:\Users\jeanc\OneDrive\Área de Trabalho\Pesquisa\Pesquisa - Karielly\cric_cervix\images\cric_image_384_54562f3bda233bc849ce844c2d6d0809.png,C:\Users\jeanc\OneDrive\Área de Trabalho\Pesquisa\Pesquisa - Karielly\outputs_binary\crops\anormal\img384_cell0857_anormal.png,treino,5,0.70166194,1,anormal,1
100,ee5338ab73b4db0c88f9e9dc98aca68e.png,7650,LSIL,anormal,1,252,226,C:\Users\jeanc\OneDrive\Área de Trabalho\Pesquisa\Pesquisa - Karielly\cric_cervix\images\cric_image_100_ee5338ab73b4db0c88f9e9dc98aca68e.png,C:\Users\jeanc\OneDrive\Área de Trabalho\Pesquisa\Pesquisa - Karielly\outputs_binary\crops\anormal\img100_cell7650_anormal.png,treino,5,0.98154205,1,anormal,1
302,555c3bddd4513160fb3681c88f4bcc87.png,2857,LSIL,anormal,1,869,626,C:\Users\jeanc\OneDrive\Área de Trabalho\Pesquisa\Pesquisa - Karielly\cric_cervix\images\cric_image_302_555c3bddd4513160fb3681c88f4bcc87.png,C:\Users\jeanc\OneDrive\Área de Trabalho\Pesquisa\Pesquisa - Karielly\outputs_binary\crops\anormal\img302_cell2857_anormal.png,validacao,5,0.961678,1,anormal,1
55,61b751b4e6c2a79d0369b24683339be1.png,9719,ASC-H,anormal,1,958,563,C:\Users\jeanc\OneDrive\Área de Trabalho\Pesquisa\Pesquisa - Karielly\cric_cervix\images\cric_image_055_61b751b4e6c2a79d0369b24683339be1.png,C:\Users\jeanc\OneDrive\Área de Trabalho\Pesquisa\Pesquisa - Karielly\outputs_binary\crops\anormal\img055_cell9719_anormal.png,treino,5,0.98667485,1,anormal,1
391,0d07c6d5b42ace6162cff25fc06b21b9.png,557,LSIL,anormal,1,570,429,C:\Users\jeanc\OneDrive\Área de Trabalho\Pesquisa\Pesquisa - Karielly\cric_cervix\images\cric_image_391_0d07c6d5b42ace6162cff25fc06b21b9.png,C:\Users\jeanc\OneDrive\Área de Trabalho\Pesquisa\Pesquisa - Karielly\outputs_binary\crops\anormal\img391_cell0557_anormal.png,treino,5,0.970771,1,anormal,1
384,54562f3bda233bc849ce844c2d6d0809.png,869,ASC-H,anormal,1,930,392,C:\Users\jeanc\OneDrive\Área de Trabalho\Pesquisa\Pesquisa - Karielly\cric_cervix\images\cric_image_384_54562f3bda233bc849ce844c2d6d0809.png,C:\Users\jeanc\OneDrive\Área de Trabalho\Pesquisa\Pesquisa - Karielly\outputs_binary\crops\anormal\img384_cell0869_anormal.png,treino,5,0.9302051,1,anormal,1
68,f29860b096765cfacea56a44c4fd805d.png,9012,HSIL,anormal,1,1268,436,C:\Users\jeanc\OneDrive\Área de Trabalho\Pesquisa\Pesquisa - Karielly\cric_cervix\images\cric_image_068_f29860b096765cfacea56a44c4fd805d.png,C:\Users\jeanc\OneDrive\Área de Trabalho\Pesquisa\Pesquisa - Karielly\outputs_binary\crops\anormal\img068_cell9012_anormal.png,treino,5,0.97587764,1,anormal,1
56,e5ea9cccfefaf9d788e1447821752285.png,9628,ASC-H,anormal,1,469,629,C:\Users\jeanc\OneDrive\Área de Trabalho\Pesquisa\Pesquisa - Karielly\cric_cervix\images\cric_image_056_e5ea9cccfefaf9d788e1447821752285.png,C:\Users\jeanc\OneDrive\Área de Trabalho\Pesquisa\Pesquisa - Karielly\outputs_binary\crops\anormal\img056_cell9628_anormal.png,teste,5,0.98478174,1,anormal,1
230,6bf1d6248d10a7f358f28d39245bb8fe.png,4513,LSIL,anormal,1,1210,762,C:\Users\jeanc\OneDrive\Área de Trabalho\Pesquisa\Pesquisa - Karielly\cric_cervix\images\cric_image_230_6bf1d6248d10a7f358f28d39245bb8fe.png,C:\Users\jeanc\OneDrive\Área de Trabalho\Pesquisa\Pesquisa - Karielly\outputs_binary\crops\anormal\img230_cell4513_anormal.png,treino,5,0.018978037,0,normal,0
4,4fb1ebbd1adb2da024ffe2394c1712c9.png,11456,HSIL,anormal,1,447,324,C:\Users\jeanc\OneDrive\Área de Trabalho\Pesquisa\Pesquisa - Karielly\cric_cervix\images\cric_image_004_4fb1ebbd1adb2da024ffe2394c1712c9.png,C:\Users\jeanc\OneDrive\Área de Trabalho\Pesquisa\Pesquisa - Karielly\outputs_binary\crops\anormal\img004_cell11456_anormal.png,validacao,5,0.98546845,1,anormal,1
81,0f023f6ad3d33b33334016798995fe53.png,8156,ASC-H,anormal,1,408,433,C:\Users\jeanc\OneDrive\Área de Trabalho\Pesquisa\Pesquisa - Karielly\cric_cervix\images\cric_image_081_0f023f6ad3d33b33334016798995fe53.png,C:\Users\jeanc\OneDrive\Área de Trabalho\Pesquisa\Pesquisa - Karielly\outputs_binary\crops\anormal\img081_cell8156_anormal.png,treino,5,0.982524,1,anormal,1
68,f29860b096765cfacea56a44c4fd805d.png,8999,HSIL,anormal,1,939,249,C:\Users\jeanc\OneDrive\Área de Trabalho\Pesquisa\Pesquisa - Karielly\cric_cervix\images\cric_image_068_f29860b096765cfacea56a44c4fd805d.png,C:\Users\jeanc\OneDrive\Área de Trabalho\Pesquisa\Pesquisa - Karielly\outputs_binary\crops\anormal\img068_cell8999_anormal.png,treino,5,0.9882902,1,anormal,1
68,f29860b096765cfacea56a44c4fd805d.png,8968,HSIL,anormal,1,564,257,C:\Users\jeanc\OneDrive\Área de Trabalho\Pesquisa\Pesquisa - Karielly\cric_cervix\images\cric_image_068_f29860b096765cfacea56a44c4fd805d.png,C:\Users\jeanc\OneDrive\Área de Trabalho\Pesquisa\Pesquisa - Karielly\outputs_binary\crops\anormal\img068_cell8968_anormal.png,treino,5,0.9552774,1,anormal,1
55,61b751b4e6c2a79d0369b24683339be1.png,9735,ASC-H,anormal,1,773,400,C:\Users\jeanc\OneDrive\Área de Trabalho\Pesquisa\Pesquisa - Karielly\cric_cervix\images\cric_image_055_61b751b4e6c2a79d0369b24683339be1.png,C:\Users\jeanc\OneDrive\Área de Trabalho\Pesquisa\Pesquisa - Karielly\outputs_binary\crops\anormal\img055_cell9735_anormal.png,treino,5,0.9877587,1,anormal,1
68,f29860b096765cfacea56a44c4fd805d.png,9000,HSIL,anormal,1,918,204,C:\Users\jeanc\OneDrive\Área de Trabalho\Pesquisa\Pesquisa - Karielly\cric_cervix\images\cric_image_068_f29860b096765cfacea56a44c4fd805d.png,C:\Users\jeanc\OneDrive\Área de Trabalho\Pesquisa\Pesquisa - Karielly\outputs_binary\crops\anormal\img068_cell9000_anormal.png,treino,5,0.9809491,1,anormal,1
33,07872ee58dea1007dd5d4afa5fb2556d.png,10390,LSIL,anormal,1,660,844,C:\Users\jeanc\OneDrive\Área de Trabalho\Pesquisa\Pesquisa - Karielly\cric_cervix\images\cric_image_033_07872ee58dea1007dd5d4afa5fb2556d.png,C:\Users\jeanc\OneDrive\Área de Trabalho\Pesquisa\Pesquisa - Karielly\outputs_binary\crops\anormal\img033_cell10390_anormal.png,treino,5,0.590425,1,anormal,1
384,54562f3bda233bc849ce844c2d6d0809.png,899,ASC-H,anormal,1,475,356,C:\Users\jeanc\OneDrive\Área de Trabalho\Pesquisa\Pesquisa - Karielly\cric_cervix\images\cric_image_384_54562f3bda233bc849ce844c2d6d0809.png,C:\Users\jeanc\OneDrive\Área de Trabalho\Pesquisa\Pesquisa - Karielly\outputs_binary\crops\anormal\img384_cell0899_anormal.png,treino,5,0.09640763,0,normal,0
384,54562f3bda233bc849ce844c2d6d0809.png,834,ASC-H,anormal,1,843,84,C:\Users\jeanc\OneDrive\Área de Trabalho\Pesquisa\Pesquisa - Karielly\cric_cervix\images\cric_image_384_54562f3bda233bc849ce844c2d6d0809.png,C:\Users\jeanc\OneDrive\Área de Trabalho\Pesquisa\Pesquisa - Karielly\outputs_binary\crops\anormal\img384_cell0834_anormal.png,treino,5,0.96879715,1,anormal,1
10,fb100898ae793bb2475fd6d3ee92ef31.png,11278,LSIL,anormal,1,691,752,C:\Users\jeanc\OneDrive\Área de Trabalho\Pesquisa\Pesquisa - Karielly\cric_cervix\images\cric_image_010_fb100898ae793bb2475fd6d3ee92ef31.png,C:\Users\jeanc\OneDrive\Área de Trabalho\Pesquisa\Pesquisa - Karielly\outputs_binary\crops\anormal\img010_cell11278_anormal.png,teste,5,0.8978745,1,anormal,1
1,be340ee72689dfe3f8dc9c24de6127f4.png,11505,LSIL,anormal,1,615,200,C:\Users\jeanc\OneDrive\Área de Trabalho\Pesquisa\Pesquisa - Karielly\cric_cervix\images\cric_image_001_be340ee72689dfe3f8dc9c24de6127f4.png,C:\Users\jeanc\OneDrive\Área de Trabalho\Pesquisa\Pesquisa - Karielly\outputs_binary\crops\anormal\img001_cell11505_anormal.png,teste,5,0.49456805,0,normal,0
55,61b751b4e6c2a79d0369b24683339be1.png,9747,ASC-H,anormal,1,620,447,C:\Users\jeanc\OneDrive\Área de Trabalho\Pesquisa\Pesquisa - Karielly\cric_cervix\images\cric_image_055_61b751b4e6c2a79d0369b24683339be1.png,C:\Users\jeanc\OneDrive\Área de Trabalho\Pesquisa\Pesquisa - Karielly\outputs_binary\crops\anormal\img055_cell9747_anormal.png,treino,5,0.98942953,1,anormal,1
68,f29860b096765cfacea56a44c4fd805d.png,8947,HSIL,anormal,1,756,844,C:\Users\jeanc\OneDrive\Área de Trabalho\Pesquisa\Pesquisa - Karielly\cric_cervix\images\cric_image_068_f29860b096765cfacea56a44c4fd805d.png,C:\Users\jeanc\OneDrive\Área de Trabalho\Pesquisa\Pesquisa - Karielly\outputs_binary\crops\anormal\img068_cell8947_anormal.png,treino,5,0.9811488,1,anormal,1
376,da21a895881b3ba7d6108dba4a4ce17a.png,1046,ASC-US,anormal,1,680,501,C:\Users\jeanc\OneDrive\Área de Trabalho\Pesquisa\Pesquisa - Karielly\cric_cervix\images\cric_image_376_da21a895881b3ba7d6108dba4a4ce17a.png,C:\Users\jeanc\OneDrive\Área de Trabalho\Pesquisa\Pesquisa - Karielly\outputs_binary\crops\anormal\img376_cell1046_anormal.png,treino,5,0.9755304,1,anormal,1
259,a0e4c7e0f677cfcdb5614940266d221e.png,3739,ASC-US,anormal,1,510,342,C:\Users\jeanc\OneDrive\Área de Trabalho\Pesquisa\Pesquisa - Karielly\cric_cervix\images\cric_image_259_a0e4c7e0f677cfcdb5614940266d221e.png,C:\Users\jeanc\OneDrive\Área de Trabalho\Pesquisa\Pesquisa - Karielly\outputs_binary\crops\anormal\img259_cell3739_anormal.png,treino,5,0.8136829,1,anormal,1
54,c505515711e6d4153bd59214d979c041.png,9703,ASC-H,anormal,1,1149,480,C:\Users\jeanc\OneDrive\Área de Trabalho\Pesquisa\Pesquisa - Karielly\cric_cervix\images\cric_image_054_c505515711e6d4153bd59214d979c041.png,C:\Users\jeanc\OneDrive\Área de Trabalho\Pesquisa\Pesquisa - Karielly\outputs_binary\crops\anormal\img054_cell9703_anormal.png,treino,5,0.43320948,0,normal,0
250,539a88e6ce009eee5398bdbada60ff23.png,3974,LSIL,anormal,1,427,723,C:\Users\jeanc\OneDrive\Área de Trabalho\Pesquisa\Pesquisa - Karielly\cric_cervix\images\cric_image_250_539a88e6ce009eee5398bdbada60ff23.png,C:\Users\jeanc\OneDrive\Área de Trabalho\Pesquisa\Pesquisa - Karielly\outputs_binary\crops\anormal\img250_cell3974_anormal.png,treino,5,0.05926467,0,normal,0
244,d718a645caa4281cefd7d6dc8f54e36b.png,4137,LSIL,anormal,1,573,400,C:\Users\jeanc\OneDrive\Área de Trabalho\Pesquisa\Pesquisa - Karielly\cric_cervix\images\cric_image_244_d718a645caa4281cefd7d6dc8f54e36b.png,C:\Users\jeanc\OneDrive\Área de Trabalho\Pesquisa\Pesquisa - Karielly\outputs_binary\crops\anormal\img244_cell4137_anormal.png,treino,5,0.011869121,0,normal,0
100,ee5338ab73b4db0c88f9e9dc98aca68e.png,7619,SCC,anormal,1,689,446,C:\Users\jeanc\OneDrive\Área de Trabalho\Pesquisa\Pesquisa - Karielly\cric_cervix\images\cric_image_100_ee5338ab73b4db0c88f9e9dc98aca68e.png,C:\Users\jeanc\OneDrive\Área de Trabalho\Pesquisa\Pesquisa - Karielly\outputs_binary\crops\anormal\img100_cell7619_anormal.png,treino,5,0.98609793,1,anormal,1
60,05481195119c8cfb884bf1462b53b004.png,9483,HSIL,anormal,1,255,738,C:\Users\jeanc\OneDrive\Área de Trabalho\Pesquisa\Pesquisa - Karielly\cric_cervix\images\cric_image_060_05481195119c8cfb884bf1462b53b004.png,C:\Users\jeanc\OneDrive\Área de Trabalho\Pesquisa\Pesquisa - Karielly\outputs_binary\crops\anormal\img060_cell9483_anormal.png,treino,5,0.9925249,1,anormal,1
287,7ba4a45ed026e5a7c8571c46b53a81bb.png,3072,ASC-US,anormal,1,782,749,C:\Users\jeanc\OneDrive\Área de Trabalho\Pesquisa\Pesquisa - Karielly\cric_cervix\images\cric_image_287_7ba4a45ed026e5a7c8571c46b53a81bb.png,C:\Users\jeanc\OneDrive\Área de Trabalho\Pesquisa\Pesquisa - Karielly\outputs_binary\crops\anormal\img287_cell3072_anormal.png,treino,5,0.89889973,1,anormal,1
384,54562f3bda233bc849ce844c2d6d0809.png,859,ASC-US,anormal,1,412,230,C:\Users\jeanc\OneDrive\Área de Trabalho\Pesquisa\Pesquisa - Karielly\cric_cervix\images\cric_image_384_54562f3bda233bc849ce844c2d6d0809.png,C:\Users\jeanc\OneDrive\Área de Trabalho\Pesquisa\Pesquisa - Karielly\outputs_binary\crops\anormal\img384_cell0859_anormal.png,treino,5,0.9745319,1,anormal,1
